model,window_id,target_date,step_ahead,actual_close,pred_close,pred_q10,pred_q90
timesfm,0,2025-07-01,1,71.66999816894531,70.76648,69.61215,71.75694
timesfm,0,2025-07-02,2,70.91000366210938,70.75872,69.2271,72.13666
timesfm,0,2025-07-03,3,71.3499984741211,70.74663,68.92897,72.38955
timesfm,0,2025-07-07,4,71.01000213623047,70.828636,68.88845,72.64931
timesfm,0,2025-07-08,5,70.23999786376953,70.749855,68.52664,72.76366
timesfm,0,2025-07-09,6,69.4800033569336,70.731224,68.26466,72.90177
timesfm,0,2025-07-10,7,69.7699966430664,70.79384,68.147,73.04048
timesfm,0,2025-07-11,8,69.87000274658203,70.769646,67.96814,73.04306
timesfm,0,2025-07-14,9,69.47000122070312,70.73147,67.79056,73.1617
timesfm,0,2025-07-15,10,69.36000061035156,70.74461,67.76851,73.35745
timesfm,0,2025-07-16,11,69.2699966430664,70.68557,67.66018,73.39731
timesfm,0,2025-07-17,12,70.58999633789062,70.72875,67.55089,73.44218
timesfm,0,2025-07-18,13,69.8499984741211,70.66352,67.47363,73.33991
timesfm,0,2025-07-21,14,70.06999969482422,70.65429,67.35894,73.51885
timesfm,0,2025-07-22,15,69.66000366210938,70.65005,67.26634,73.739876
timesfm,0,2025-07-23,16,69.16000366210938,70.61942,67.16759,73.75877
timesfm,0,2025-07-24,17,69.0999984741211,70.54345,66.93202,73.84434
timesfm,0,2025-07-25,18,69.16999816894531,70.50544,66.82212,73.74595
timesfm,0,2025-07-28,19,68.08999633789062,70.491104,66.54165,73.860344
timesfm,0,2025-07-29,20,69.37999725341797,70.60278,66.672066,74.06521
timesfm,1,2025-07-16,1,69.2699966430664,69.485115,68.288086,70.60114
timesfm,1,2025-07-17,2,70.58999633789062,69.49908,68.07002,70.98473
timesfm,1,2025-07-18,3,69.8499984741211,69.43563,67.752525,71.13851
timesfm,1,2025-07-21,4,70.06999969482422,69.47901,67.68239,71.36885
timesfm,1,2025-07-22,5,69.66000366210938,69.37315,67.37949,71.43427
timesfm,1,2025-07-23,6,69.16000366210938,69.36839,67.15026,71.57192
timesfm,1,2025-07-24,7,69.0999984741211,69.37554,66.999886,71.68593
timesfm,1,2025-07-25,8,69.16999816894531,69.31176,66.693504,71.67231
timesfm,1,2025-07-28,9,68.08999633789062,69.29409,66.51717,71.733185
timesfm,1,2025-07-29,10,69.37999725341797,69.29774,66.39762,71.89824
timesfm,1,2025-07-30,11,68.75,69.22976,66.25292,71.90534
timesfm,1,2025-07-31,12,67.88999938964844,69.27463,66.142204,72.05081
timesfm,1,2025-08-01,13,68.86000061035156,69.24661,66.13259,72.03888
timesfm,1,2025-08-04,14,68.95999908447266,69.27108,65.952736,72.22516
timesfm,1,2025-08-05,15,69.05000305175781,69.25331,65.86043,72.36633
timesfm,1,2025-08-06,16,69.51000213623047,69.206726,65.631935,72.310715
timesfm,1,2025-08-07,17,70.43000030517578,69.09732,65.44956,72.41153
timesfm,1,2025-08-08,18,70.33999633789062,69.107056,65.30952,72.382126
timesfm,1,2025-08-11,19,70.75,69.05145,64.98827,72.50278
timesfm,1,2025-08-12,20,70.70999908447266,69.02353,64.89173,72.61005
timesfm,2,2025-07-30,1,68.75,69.27223,68.04671,70.34201
timesfm,2,2025-07-31,2,67.88999938964844,69.24329,67.8483,70.65505
timesfm,2,2025-08-01,3,68.86000061035156,69.24732,67.61222,70.826614
timesfm,2,2025-08-04,4,68.95999908447266,69.25583,67.561584,71.0046
timesfm,2,2025-08-05,5,69.05000305175781,69.223206,67.34888,71.08852
timesfm,2,2025-08-06,6,69.51000213623047,69.17105,67.15718,71.190575
timesfm,2,2025-08-07,7,70.43000030517578,69.12482,67.01146,71.22536
timesfm,2,2025-08-08,8,70.33999633789062,69.0432,66.78701,71.2481
timesfm,2,2025-08-11,9,70.75,68.98323,66.572495,71.29186
timesfm,2,2025-08-12,10,70.70999908447266,68.923904,66.36274,71.37384
timesfm,2,2025-08-13,11,70.45999908447266,68.8798,66.215294,71.39804
timesfm,2,2025-08-14,12,69.55000305175781,68.86063,66.055595,71.51249
timesfm,2,2025-08-15,13,69.91999816894531,68.80045,65.97836,71.47136
timesfm,2,2025-08-18,14,69.12999725341797,68.80168,65.9029,71.57861
timesfm,2,2025-08-19,15,70.12999725341797,68.83592,65.87061,71.79345
timesfm,2,2025-08-20,16,70.69999694824219,68.83132,65.7066,71.77359
timesfm,2,2025-08-21,17,70.66000366210938,68.79191,65.58247,71.935745
timesfm,2,2025-08-22,18,70.12999725341797,68.807365,65.485596,71.89878
timesfm,2,2025-08-25,19,68.93000030517578,68.78363,65.195656,72.02576
timesfm,2,2025-08-26,20,68.7300033569336,68.734566,65.08655,72.05298
timesfm,3,2025-08-13,1,70.45999908447266,70.64861,69.449005,71.83843
timesfm,3,2025-08-14,2,69.55000305175781,70.563736,69.14239,72.13109
timesfm,3,2025-08-15,3,69.91999816894531,70.44146,68.73497,72.20971
timesfm,3,2025-08-18,4,69.12999725341797,70.49603,68.68041,72.38009
timesfm,3,2025-08-19,5,70.12999725341797,70.498375,68.45002,72.60616
timesfm,3,2025-08-20,6,70.69999694824219,70.51997,68.277855,72.76618
timesfm,3,2025-08-21,7,70.66000366210938,70.495026,68.13409,72.8728
timesfm,3,2025-08-22,8,70.12999725341797,70.50652,68.03648,72.96312
timesfm,3,2025-08-25,9,68.93000030517578,70.49454,67.88006,73.08069
timesfm,3,2025-08-26,10,68.7300033569336,70.404655,67.65328,73.10985
timesfm,3,2025-08-27,11,68.83000183105469,70.390434,67.586365,73.185356
timesfm,3,2025-08-28,12,68.36000061035156,70.42979,67.44653,73.290985
timesfm,3,2025-08-29,13,68.98999786376953,70.423454,67.445595,73.31528
timesfm,3,2025-09-02,14,69.05999755859375,70.41024,67.30718,73.38126
timesfm,3,2025-09-03,15,68.98999786376953,70.46694,67.34795,73.582016
timesfm,3,2025-09-04,16,68.25,70.47432,67.270515,73.58949
timesfm,3,2025-09-05,17,67.95999908447266,70.54429,67.15525,73.858246
timesfm,3,2025-09-08,18,67.43000030517578,70.56338,67.122665,73.85882
timesfm,3,2025-09-09,19,67.86000061035156,70.60545,66.97594,74.082535
timesfm,3,2025-09-10,20,67.81999969482422,70.66802,66.99468,74.17931
timesfm,4,2025-08-27,1,68.83000183105469,68.78138,67.56051,69.92002
timesfm,4,2025-08-28,2,68.36000061035156,68.75108,67.28909,70.25602
timesfm,4,2025-08-29,3,68.98999786376953,68.68874,66.926285,70.39356
timesfm,4,2025-09-02,4,69.05999755859375,68.688576,66.86984,70.4934
timesfm,4,2025-09-03,5,68.98999786376953,68.60359,66.556076,70.621124
timesfm,4,2025-09-04,6,68.25,68.68974,66.47495,70.88148
timesfm,4,2025-09-05,7,67.95999908447266,68.70856,66.35622,71.03998
timesfm,4,2025-09-08,8,67.43000030517578,68.77061,66.295364,71.1843
timesfm,4,2025-09-09,9,67.86000061035156,68.82725,66.12392,71.298805
timesfm,4,2025-09-10,10,67.81999969482422,68.73677,65.86587,71.32401
timesfm,4,2025-09-11,11,67.62000274658203,68.73849,65.79254,71.38256
timesfm,4,2025-09-12,12,67.01000213623047,68.70965,65.61234,71.4411
timesfm,4,2025-09-15,13,66.20999908447266,68.69702,65.63786,71.4717
timesfm,4,2025-09-16,14,66.23999786376953,68.6711,65.443794,71.56077
timesfm,4,2025-09-17,15,67.04000091552734,68.65637,65.39083,71.72734
timesfm,4,2025-09-18,16,66.45999908447266,68.65904,65.24063,71.70491
timesfm,4,2025-09-19,17,66.43000030517578,68.554306,65.04025,71.89203
timesfm,4,2025-09-22,18,66.20999908447266,68.49028,64.871056,71.8219
timesfm,4,2025-09-23,19,66.70999908447266,68.425934,64.595345,71.90988
timesfm,4,2025-09-24,20,66.44999694824219,68.40855,64.52598,71.91148
timesfm,5,2025-09-11,1,67.62000274658203,67.81208,66.70562,68.93711
timesfm,5,2025-09-12,2,67.01000213623047,67.5586,66.230064,69.0284
timesfm,5,2025-09-15,3,66.20999908447266,67.45088,65.82237,69.19371
timesfm,5,2025-09-16,4,66.23999786376953,67.451454,65.66121,69.37467
timesfm,5,2025-09-17,5,67.04000091552734,67.40251,65.3468,69.586365
timesfm,5,2025-09-18,6,66.45999908447266,67.37482,65.11105,69.7825
timesfm,5,2025-09-19,7,66.43000030517578,67.22768,64.77359,69.75618
timesfm,5,2025-09-22,8,66.20999908447266,67.24113,64.628044,69.88779
timesfm,5,2025-09-23,9,66.70999908447266,67.1805,64.34443,69.91798
timesfm,5,2025-09-24,10,66.44999694824219,67.12067,64.057434,70.02179
timesfm,5,2025-09-25,11,65.9800033569336,66.95975,63.792088,69.99874
timesfm,5,2025-09-26,12,65.66999816894531,66.76039,63.438538,69.8687
timesfm,5,2025-09-29,13,66.04000091552734,66.638535,63.300632,69.79971
timesfm,5,2025-09-30,14,66.31999969482422,66.30707,62.85634,69.58563
timesfm,5,2025-10-01,15,66.77999877929688,66.16278,62.669147,69.65109
timesfm,5,2025-10-02,16,66.0999984741211,66.107925,62.414276,69.58715
timesfm,5,2025-10-03,17,66.6500015258789,65.87567,62.07923,69.64894
timesfm,5,2025-10-06,18,66.0999984741211,65.768105,61.80012,69.505486
timesfm,5,2025-10-07,19,66.79000091552734,65.53626,61.388176,69.44344
timesfm,5,2025-10-08,20,66.12000274658203,65.42905,61.202366,69.45121
timesfm,6,2025-09-25,1,65.9800033569336,66.48124,65.69731,67.19681
timesfm,6,2025-09-26,2,65.66999816894531,66.31485,65.35025,67.28883
timesfm,6,2025-09-29,3,66.04000091552734,66.20157,65.04603,67.45564
timesfm,6,2025-09-30,4,66.31999969482422,66.1564,64.86627,67.59439
timesfm,6,2025-10-01,5,66.77999877929688,66.14263,64.73427,67.76818
timesfm,6,2025-10-02,6,66.0999984741211,66.15133,64.56863,67.92751
timesfm,6,2025-10-03,7,66.6500015258789,66.10697,64.48541,68.07623
timesfm,6,2025-10-06,8,66.0999984741211,66.10469,64.385345,68.23095
timesfm,6,2025-10-07,9,66.79000091552734,65.95142,64.06659,68.10593
timesfm,6,2025-10-08,10,66.12000274658203,65.903786,63.85,68.22836
timesfm,6,2025-10-09,11,66.37000274658203,65.877914,63.765675,68.30523
timesfm,6,2025-10-10,12,67.04000091552734,65.85643,63.58843,68.41951
timesfm,6,2025-10-13,13,66.80000305175781,65.8426,63.507412,68.38742
timesfm,6,2025-10-14,14,67.51000213623047,65.808876,63.318523,68.49854
timesfm,6,2025-10-15,15,67.08000183105469,65.739494,63.19887,68.635254
timesfm,6,2025-10-16,16,67.58999633789062,65.7034,62.981888,68.631516
timesfm,6,2025-10-17,17,68.44000244140625,65.59917,62.752853,68.717575
timesfm,6,2025-10-20,18,68.44000244140625,65.602936,62.67649,68.76686
timesfm,6,2025-10-21,19,71.22000122070312,65.5737,62.40923,68.94378
timesfm,6,2025-10-22,20,70.80999755859375,65.55647,62.373997,69.068726
timesfm,7,2025-10-09,1,66.37000274658203,66.19562,65.40404,66.95115
timesfm,7,2025-10-10,2,67.04000091552734,66.14606,65.118515,67.19965
timesfm,7,2025-10-13,3,66.80000305175781,66.08368,64.8633,67.42784
timesfm,7,2025-10-14,4,67.51000213623047,66.06,64.688385,67.59071
timesfm,7,2025-10-15,5,67.08000183105469,66.027435,64.54544,67.74728
timesfm,7,2025-10-16,6,67.58999633789062,65.99691,64.347855,67.87768
timesfm,7,2025-10-17,7,68.44000244140625,65.90545,64.20007,68.02618
timesfm,7,2025-10-20,8,68.44000244140625,65.91261,64.016335,68.17452
timesfm,7,2025-10-21,9,71.22000122070312,65.8056,63.83765,68.113594
timesfm,7,2025-10-22,10,70.80999755859375,65.78279,63.621387,68.235725
timesfm,7,2025-10-23,11,69.94000244140625,65.739456,63.575157,68.31808
timesfm,7,2025-10-24,12,69.70999908447266,65.760735,63.407257,68.52161
timesfm,7,2025-10-27,13,70.05999755859375,65.70626,63.293205,68.42098
timesfm,7,2025-10-28,14,70.16000366210938,65.73397,63.172573,68.6022
timesfm,7,2025-10-29,15,68.3499984741211,65.64856,63.061096,68.6602
timesfm,7,2025-10-30,16,68.9800033569336,65.637375,62.933937,68.731
timesfm,7,2025-10-31,17,68.9000015258789,65.483925,62.7321,68.73886
timesfm,7,2025-11-03,18,67.97000122070312,65.48036,62.61875,68.79219
timesfm,7,2025-11-04,19,68.66000366210938,65.42176,62.325176,68.94247
timesfm,7,2025-11-05,20,68.51000213623047,65.447716,62.264774,69.15058
timesfm,8,2025-10-23,1,69.94000244140625,70.84381,69.52633,71.91639
timesfm,8,2025-10-24,2,69.70999908447266,70.87336,69.196365,72.39381
timesfm,8,2025-10-27,3,70.05999755859375,70.812096,68.771835,72.58033
timesfm,8,2025-10-28,4,70.16000366210938,70.77709,68.57302,72.799904
timesfm,8,2025-10-29,5,68.3499984741211,70.7221,68.26405,73.01785
timesfm,8,2025-10-30,6,68.9800033569336,70.71791,68.06277,73.14635
timesfm,8,2025-10-31,7,68.9000015258789,70.654945,67.89264,73.32434
timesfm,8,2025-11-03,8,67.97000122070312,70.6033,67.69348,73.37522
timesfm,8,2025-11-04,9,68.66000366210938,70.55821,67.50357,73.382256
timesfm,8,2025-11-05,10,68.51000213623047,70.56522,67.29356,73.54695
timesfm,8,2025-11-06,11,69.05999755859375,70.56477,67.29416,73.625854
timesfm,8,2025-11-07,12,70.55000305175781,70.56568,67.113014,73.76618
timesfm,8,2025-11-10,13,70.5199966430664,70.50081,67.034134,73.69986
timesfm,8,2025-11-11,14,71.61000061035156,70.50864,66.83115,73.82673
timesfm,8,2025-11-12,15,71.51000213623047,70.47335,66.83116,73.85094
timesfm,8,2025-11-13,16,71.06999969482422,70.444305,66.781685,73.871765
timesfm,8,2025-11-14,17,71.16000366210938,70.36487,66.59256,73.97325
timesfm,8,2025-11-17,18,70.68000030517578,70.33063,66.531845,73.95057
timesfm,8,2025-11-18,19,71.22000122070312,70.32414,66.36464,74.101395
timesfm,8,2025-11-19,20,71.11000061035156,70.251884,66.2075,74.10127
timesfm,9,2025-11-06,1,69.05999755859375,68.60852,67.45971,69.63418
timesfm,9,2025-11-07,2,70.55000305175781,68.5495,67.0823,69.864716
timesfm,9,2025-11-10,3,70.5199966430664,68.53642,66.78937,70.093094
timesfm,9,2025-11-11,4,71.61000061035156,68.427795,66.49878,70.16131
timesfm,9,2025-11-12,5,71.51000213623047,68.41552,66.35376,70.33531
timesfm,9,2025-11-13,6,71.06999969482422,68.35134,66.15487,70.42912
timesfm,9,2025-11-14,7,71.16000366210938,68.33795,66.01188,70.62461
timesfm,9,2025-11-17,8,70.68000030517578,68.31737,65.84621,70.83247
timesfm,9,2025-11-18,9,71.22000122070312,68.16171,65.61137,70.80384
timesfm,9,2025-11-19,10,71.11000061035156,68.1439,65.35252,70.95789
timesfm,9,2025-11-20,11,71.20999908447266,68.126564,65.31059,71.05572
timesfm,9,2025-11-21,12,72.94999694824219,68.082886,65.00636,71.129234
timesfm,9,2025-11-24,13,72.58999633789062,68.082245,64.988884,71.12547
timesfm,9,2025-11-25,14,72.61000061035156,68.0661,64.79583,71.29373
timesfm,9,2025-11-26,15,72.87999725341797,68.03583,64.76781,71.427414
timesfm,9,2025-11-28,16,73.12000274658203,67.92681,64.5715,71.398415
timesfm,9,2025-12-01,17,71.94999694824219,67.848755,64.39186,71.51718
timesfm,9,2025-12-02,18,70.66999816894531,67.79235,64.20362,71.43683
timesfm,9,2025-12-03,19,70.80999755859375,67.70445,63.875793,71.52399
timesfm,9,2025-12-04,20,70.44999694824219,67.58541,63.708015,71.54831
timesfm,10,2025-11-20,1,71.20999908447266,71.06333,69.93351,72.08115
timesfm,10,2025-11-21,2,72.94999694824219,71.04323,69.67178,72.30041
timesfm,10,2025-11-24,3,72.58999633789062,71.033905,69.47196,72.526215
timesfm,10,2025-11-25,4,72.61000061035156,71.00152,69.295,72.66528
timesfm,10,2025-11-26,5,72.87999725341797,70.97356,69.08653,72.75839
timesfm,10,2025-11-28,6,73.12000274658203,70.93788,68.92811,72.85866
timesfm,10,2025-12-01,7,71.94999694824219,70.87312,68.72574,72.93439
timesfm,10,2025-12-02,8,70.66999816894531,70.85758,68.61483,73.07799
timesfm,10,2025-12-03,9,70.80999755859375,70.69457,68.31756,72.978065
timesfm,10,2025-12-04,10,70.44999694824219,70.58162,68.02445,72.99229
timesfm,10,2025-12-05,11,70.0,70.53285,67.8657,73.0219
timesfm,10,2025-12-08,12,70.25,70.50992,67.688805,73.0406
timesfm,10,2025-12-09,13,70.08999633789062,70.48163,67.6793,73.11076
timesfm,10,2025-12-10,14,70.20999908447266,70.494,67.576,73.274864
timesfm,10,2025-12-11,15,69.11000061035156,70.50846,67.46681,73.33532
timesfm,10,2025-12-12,16,70.5199966430664,70.5023,67.43496,73.4283
timesfm,10,2025-12-15,17,70.97000122070312,70.49773,67.33586,73.58136
timesfm,10,2025-12-16,18,70.37000274658203,70.493256,67.23633,73.55499
timesfm,10,2025-12-17,19,70.66999816894531,70.49957,67.01917,73.75482
timesfm,10,2025-12-18,20,70.36000061035156,70.470795,66.88972,73.75601
timesfm,11,2025-12-05,1,70.0,70.36865,69.1405,71.54059
timesfm,11,2025-12-08,2,70.25,70.2836,68.77989,71.725266
timesfm,11,2025-12-09,3,70.08999633789062,70.304184,68.55262,72.00457
timesfm,11,2025-12-10,4,70.20999908447266,70.25697,68.28996,72.17029
timesfm,11,2025-12-11,5,69.11000061035156,70.21415,68.077095,72.314766
timesfm,11,2025-12-12,6,70.5199966430664,70.16503,67.869415,72.40201
timesfm,11,2025-12-15,7,70.97000122070312,70.141205,67.63314,72.52048
timesfm,11,2025-12-16,8,70.37000274658203,70.087425,67.49658,72.65042
timesfm,11,2025-12-17,9,70.66999816894531,69.970634,67.23199,72.5892
timesfm,11,2025-12-18,10,70.36000061035156,69.90411,66.98891,72.66982
timesfm,11,2025-12-19,11,70.05999755859375,69.89421,66.83793,72.720215
timesfm,11,2025-12-22,12,70.20999908447266,69.820885,66.73397,72.76255
timesfm,11,2025-12-23,13,69.87000274658203,69.71937,66.63045,72.769775
timesfm,11,2025-12-24,14,70.11000061035156,69.67606,66.48593,72.85868
timesfm,11,2025-12-26,15,69.87000274658203,69.623024,66.33538,72.8439
timesfm,11,2025-12-29,16,70.16000366210938,69.559044,66.21679,72.897766
timesfm,11,2025-12-30,17,70.06999969482422,69.480354,66.08244,72.955536
timesfm,11,2025-12-31,18,69.91000366210938,69.41602,65.9242,72.90537
timesfm,11,2026-01-02,19,69.12000274658203,69.35238,65.65989,73.045555
timesfm,11,2026-01-05,20,67.94000244140625,69.21866,65.44659,72.94719
timesfm,12,2025-12-19,1,70.05999755859375,70.32023,69.23609,71.296165
timesfm,12,2025-12-22,2,70.20999908447266,70.24389,68.858795,71.49567
timesfm,12,2025-12-23,3,69.87000274658203,70.1788,68.58043,71.68005
timesfm,12,2025-12-24,4,70.11000061035156,70.07883,68.29399,71.79342
timesfm,12,2025-12-26,5,69.87000274658203,70.010704,68.04441,71.91297
timesfm,12,2025-12-29,6,70.16000366210938,69.951096,67.80559,72.01823
timesfm,12,2025-12-30,7,70.06999969482422,69.95217,67.54891,72.13922
timesfm,12,2025-12-31,8,69.91000366210938,69.95001,67.406425,72.337875
timesfm,12,2026-01-02,9,69.12000274658203,69.8818,67.20587,72.37389
timesfm,12,2026-01-05,10,67.94000244140625,69.79422,66.96028,72.435356
timesfm,12,2026-01-06,11,67.83999633789062,69.7873,66.81931,72.476715
timesfm,12,2026-01-07,12,67.54000091552734,69.700584,66.69545,72.47463
timesfm,12,2026-01-08,13,69.37000274658203,69.568146,66.57917,72.44098
timesfm,12,2026-01-09,14,70.51000213623047,69.469475,66.3213,72.48915
timesfm,12,2026-01-12,15,70.5,69.31458,66.11655,72.39564
timesfm,12,2026-01-13,16,71.23999786376953,69.180046,65.933105,72.394104
timesfm,12,2026-01-14,17,71.44000244140625,69.1146,65.80464,72.44263
timesfm,12,2026-01-15,18,70.4800033569336,69.0601,65.67531,72.42304
timesfm,12,2026-01-16,19,70.44000244140625,68.98949,65.36986,72.54269
timesfm,12,2026-01-20,20,71.75,68.979034,65.26541,72.58223
timesfm,13,2026-01-06,1,67.83999633789062,67.941315,66.87054,68.97023
timesfm,13,2026-01-07,2,67.54000091552734,67.80164,66.42136,69.17863
timesfm,13,2026-01-08,3,69.37000274658203,67.60843,65.98778,69.24933
timesfm,13,2026-01-09,4,70.51000213623047,67.495255,65.638374,69.36674
timesfm,13,2026-01-12,5,70.5,67.38399,65.38513,69.48794
timesfm,13,2026-01-13,6,71.23999786376953,67.334755,65.14364,69.6255
timesfm,13,2026-01-14,7,71.44000244140625,67.341255,64.98475,69.74718
timesfm,13,2026-01-15,8,70.4800033569336,67.41309,64.878555,70.00832
timesfm,13,2026-01-16,9,70.44000244140625,67.41354,64.74198,70.10534
timesfm,13,2026-01-20,10,71.75,67.39912,64.541466,70.22467
timesfm,13,2026-01-21,11,72.01000213623047,67.33928,64.39199,70.2283
timesfm,13,2026-01-22,12,71.87000274658203,67.32333,64.34024,70.31132
timesfm,13,2026-01-23,13,72.87999725341797,67.293205,64.330345,70.34355
timesfm,13,2026-01-26,14,72.55999755859375,67.26425,64.15308,70.469215
timesfm,13,2026-01-27,15,73.55000305175781,67.192986,64.02431,70.43824
timesfm,13,2026-01-28,16,73.05999755859375,67.17029,63.88473,70.51682
timesfm,13,2026-01-29,17,73.43000030517578,67.066154,63.717045,70.50018
timesfm,13,2026-01-30,18,74.80999755859375,66.95402,63.532627,70.440475
timesfm,13,2026-02-02,19,75.33000183105469,66.88992,63.28661,70.55381
timesfm,13,2026-02-03,20,76.88999938964844,66.817215,63.097603,70.53427
timesfm,14,2026-01-21,1,72.01000213623047,71.65034,70.489456,72.72573
timesfm,14,2026-01-22,2,71.87000274658203,71.50667,70.04567,72.88391
timesfm,14,2026-01-23,3,72.87999725341797,71.36437,69.69253,72.99006
timesfm,14,2026-01-26,4,72.55999755859375,71.32532,69.46995,73.14427
timesfm,14,2026-01-27,5,73.55000305175781,71.27433,69.25309,73.26507
timesfm,14,2026-01-28,6,73.05999755859375,71.23911,69.089745,73.402115
timesfm,14,2026-01-29,7,73.43000030517578,71.15675,68.79641,73.369965
timesfm,14,2026-01-30,8,74.80999755859375,71.05114,68.486946,73.413216
timesfm,14,2026-02-02,9,75.33000183105469,71.001076,68.36032,73.48578
timesfm,14,2026-02-03,10,76.88999938964844,70.91936,68.106445,73.54942
timesfm,14,2026-02-04,11,77.3499984741211,70.89884,67.97756,73.57248
timesfm,14,2026-02-05,12,78.51000213623047,70.84612,67.82474,73.58832
timesfm,14,2026-02-06,13,79.02999877929688,70.76742,67.76017,73.572716
timesfm,14,2026-02-09,14,77.97000122070312,70.70219,67.53658,73.615746
timesfm,14,2026-02-10,15,76.80999755859375,70.653046,67.456856,73.60009
timesfm,14,2026-02-11,16,78.5999984741211,70.57935,67.31288,73.65023
timesfm,14,2026-02-12,17,79.0,70.50743,67.15306,73.6122
timesfm,14,2026-02-13,18,78.68000030517578,70.444824,67.02152,73.62825
timesfm,14,2026-02-17,19,79.55999755859375,70.37474,66.73834,73.639626
timesfm,14,2026-02-18,20,79.48999786376953,70.315674,66.584854,73.635
timesfm,15,2026-02-04,1,77.3499984741211,77.00449,75.25292,79.155396
timesfm,15,2026-02-05,2,78.51000213623047,76.99826,74.83596,79.65117
timesfm,15,2026-02-06,3,79.02999877929688,76.856285,74.341156,79.9449
timesfm,15,2026-02-09,4,77.97000122070312,76.68643,73.87034,80.173546
timesfm,15,2026-02-10,5,76.80999755859375,76.609146,73.503456,80.317215
timesfm,15,2026-02-11,6,78.5999984741211,76.632126,73.39517,80.62861
timesfm,15,2026-02-12,7,79.0,76.62102,73.00951,80.78727
timesfm,15,2026-02-13,8,78.68000030517578,76.541725,72.66483,80.91321
timesfm,15,2026-02-17,9,79.55999755859375,76.50345,72.54965,81.00405
timesfm,15,2026-02-18,10,79.48999786376953,76.39381,72.20152,81.083954
timesfm,15,2026-02-19,11,78.91000366210938,76.38328,72.09151,81.1463
timesfm,15,2026-02-20,12,79.83999633789062,76.397545,71.94301,81.336395
timesfm,15,2026-02-23,13,80.55999755859375,76.321976,71.91641,81.289764
timesfm,15,2026-02-24,14,80.72000122070312,76.23923,71.56606,81.39593
timesfm,15,2026-02-25,15,80.47000122070312,76.17815,71.385445,81.3267
timesfm,15,2026-02-26,16,80.5,75.95753,71.16924,81.312675
timesfm,15,2026-02-27,17,81.55999755859375,75.99335,71.04265,81.46148
timesfm,15,2026-03-02,18,80.22000122070312,75.90018,70.91023,81.45562
timesfm,15,2026-03-03,19,79.33999633789062,75.88947,70.654945,81.60162
timesfm,15,2026-03-04,20,78.0999984741211,75.820816,70.3231,81.586395
timesfm,16,2026-02-19,1,78.91000366210938,79.66469,77.85595,81.6465
timesfm,16,2026-02-20,2,79.83999633789062,79.64203,77.43398,82.05889
timesfm,16,2026-02-23,3,80.55999755859375,79.628494,77.026405,82.381676
timesfm,16,2026-02-24,4,80.72000122070312,79.61673,76.65377,82.749664
timesfm,16,2026-02-25,5,80.47000122070312,79.532455,76.18997,82.85064
timesfm,16,2026-02-26,6,80.5,79.51742,75.90277,83.157326
timesfm,16,2026-02-27,7,81.55999755859375,79.47001,75.5241,83.2832
timesfm,16,2026-03-02,8,80.22000122070312,79.412476,75.287544,83.52917
timesfm,16,2026-03-03,9,79.33999633789062,79.395294,75.19878,83.64201
timesfm,16,2026-03-04,10,78.0999984741211,79.26983,74.844894,83.73786
timesfm,16,2026-03-05,11,77.02999877929688,79.20285,74.55684,83.69553
timesfm,16,2026-03-06,12,77.04000091552734,79.22871,74.30489,83.966774
timesfm,16,2026-03-09,13,77.80000305175781,79.18721,74.294304,83.91658
timesfm,16,2026-03-10,14,77.87999725341797,79.14206,73.937256,84.218895
timesfm,16,2026-03-11,15,77.62999725341797,79.17706,73.73905,84.1873
timesfm,16,2026-03-12,16,77.61000061035156,79.00539,73.4941,84.27236
timesfm,16,2026-03-13,17,77.33999633789062,78.9231,73.28367,84.26498
timesfm,16,2026-03-16,18,77.81999969482422,78.803024,73.02507,84.25721
timesfm,16,2026-03-17,19,77.58000183105469,78.75511,72.70141,84.39944
timesfm,16,2026-03-18,20,75.97000122070312,78.65033,72.184166,84.32552
timesfm,17,2026-03-05,1,77.02999877929688,78.10833,76.71626,79.58227
timesfm,17,2026-03-06,2,77.04000091552734,77.90869,76.0685,79.75543
timesfm,17,2026-03-09,3,77.80000305175781,77.8103,75.53478,80.02752
timesfm,17,2026-03-10,4,77.87999725341797,77.73511,75.080536,80.35414
timesfm,17,2026-03-11,5,77.62999725341797,77.587776,74.5667,80.42574
timesfm,17,2026-03-12,6,77.61000061035156,77.46061,74.15202,80.65613
timesfm,17,2026-03-13,7,77.33999633789062,77.185616,73.51901,80.59215
timesfm,17,2026-03-16,8,77.81999969482422,77.104126,73.2911,80.73976
timesfm,17,2026-03-17,9,77.58000183105469,77.0002,73.064865,80.86508
timesfm,17,2026-03-18,10,75.97000122070312,76.78398,72.60797,80.9157
timesfm,17,2026-03-19,11,75.55000305175781,76.66222,72.23849,80.93703
timesfm,17,2026-03-20,12,74.75,76.564224,71.922165,80.966675
timesfm,17,2026-03-23,13,75.11000061035156,76.48161,71.90186,80.97967
timesfm,17,2026-03-24,14,74.66999816894531,76.36421,71.56846,81.14181
timesfm,17,2026-03-25,15,75.25,76.315025,71.27985,81.02347
timesfm,17,2026-03-26,16,74.69000244140625,76.16106,71.07618,81.03602
timesfm,17,2026-03-27,17,75.70999908447266,76.11239,70.957565,81.13491
timesfm,17,2026-03-30,18,76.2699966430664,76.04048,70.7549,81.135765
timesfm,17,2026-03-31,19,76.05000305175781,75.96438,70.415855,81.29075
timesfm,17,2026-04-01,20,76.08000183105469,75.874,70.13766,81.23686
timesfm,18,2026-03-19,1,75.55000305175781,75.842514,74.42135,77.1883
timesfm,18,2026-03-20,2,74.75,75.55638,73.700096,77.27089
timesfm,18,2026-03-23,3,75.11000061035156,75.31723,73.0678,77.40673
timesfm,18,2026-03-24,4,74.66999816894531,75.21623,72.63224,77.63849
timesfm,18,2026-03-25,5,75.25,75.091774,72.28124,77.70934
timesfm,18,2026-03-26,6,74.69000244140625,75.028984,71.96699,77.88289
timesfm,18,2026-03-27,7,75.70999908447266,74.86636,71.47032,77.97122
timesfm,18,2026-03-30,8,76.2699966430664,74.87155,71.36647,78.20343
timesfm,18,2026-03-31,9,76.05000305175781,74.81613,71.15233,78.33772
timesfm,18,2026-04-01,10,76.08000183105469,74.67353,70.80044,78.41112
timesfm,18,2026-04-02,11,76.72000122070312,74.52131,70.45186,78.39821
timesfm,18,2026-04-06,12,77.22000122070312,74.49296,70.1846,78.49036
timesfm,18,2026-04-07,13,75.91000366210938,74.44463,70.28125,78.54023
timesfm,18,2026-04-08,14,77.29000091552734,74.41307,69.9621,78.75717
timesfm,18,2026-04-09,15,78.18000030517578,74.376434,69.69327,78.71844
timesfm,18,2026-04-10,16,77.47000122070312,74.37311,69.58609,78.82142
timesfm,18,2026-04-13,17,76.41000366210938,74.313324,69.49536,78.94415
timesfm,18,2026-04-14,18,75.9000015258789,74.351524,69.42522,78.95603
timesfm,18,2026-04-15,19,75.30999755859375,74.35506,69.15956,79.2285
timesfm,18,2026-04-16,20,75.18000030517578,74.36579,69.02126,79.296745
timesfm,19,2026-04-02,1,76.72000122070312,76.01446,74.95748,77.13559
timesfm,19,2026-04-06,2,77.22000122070312,75.995,74.56606,77.49162
timesfm,19,2026-04-07,3,75.91000366210938,75.92459,74.2099,77.7585
timesfm,19,2026-04-08,4,77.29000091552734,75.81934,73.823204,77.974915
timesfm,19,2026-04-09,5,78.18000030517578,75.72702,73.53385,78.14768
timesfm,19,2026-04-10,6,77.47000122070312,75.63925,73.16484,78.279335
timesfm,19,2026-04-13,7,76.41000366210938,75.58582,72.860695,78.40772
timesfm,19,2026-04-14,8,75.9000015258789,75.698074,72.795265,78.72519
timesfm,19,2026-04-15,9,75.30999755859375,75.75948,72.76002,78.92241
timesfm,19,2026-04-16,10,75.18000030517578,75.70743,72.50918,79.08617
timesfm,19,2026-04-17,11,75.73999786376953,75.712585,72.38769,79.18732
timesfm,19,2026-04-20,12,75.4800033569336,75.63929,72.0944,79.242966
timesfm,19,2026-04-21,13,74.69999694824219,75.589485,72.15831,79.300255
timesfm,19,2026-04-22,14,74.62999725341797,75.5224,71.82615,79.414276
timesfm,19,2026-04-23,15,76.27999877929688,75.466805,71.59979,79.41801
timesfm,19,2026-04-24,16,76.62999725341797,75.39008,71.429855,79.52127
timesfm,19,2026-04-27,17,75.44000244140625,75.21875,71.16571,79.44842
timesfm,19,2026-04-28,18,78.3499984741211,75.17624,71.01297,79.43917
timesfm,19,2026-04-29,19,78.87000274658203,75.188805,70.77124,79.66159
timesfm,19,2026-04-30,20,78.76000213623047,75.15774,70.5509,79.66352
timesfm,20,2026-04-17,1,75.73999786376953,75.166275,74.04289,76.32206
timesfm,20,2026-04-20,2,75.4800033569336,75.10525,73.69708,76.57358
timesfm,20,2026-04-21,3,74.69999694824219,75.08262,73.4094,76.83544
timesfm,20,2026-04-22,4,74.62999725341797,74.977615,73.08923,76.99743
timesfm,20,2026-04-23,5,76.27999877929688,74.86221,72.826485,77.06729
timesfm,20,2026-04-24,6,76.62999725341797,74.78363,72.53237,77.194916
timesfm,20,2026-04-27,7,75.44000244140625,74.66057,72.193344,77.22795
timesfm,20,2026-04-28,8,78.3499984741211,74.60336,71.91683,77.373146
timesfm,20,2026-04-29,9,78.87000274658203,74.595276,71.7902,77.46061
timesfm,20,2026-04-30,10,78.76000213623047,74.492256,71.457275,77.567924
timesfm,20,2026-05-01,11,78.58000183105469,74.43319,71.241776,77.61182
timesfm,20,2026-05-04,12,78.19000244140625,74.40111,71.07362,77.78779
timesfm,20,2026-05-05,13,78.4800033569336,74.34688,71.03896,77.80489
timesfm,20,2026-05-06,14,79.2300033569336,74.23564,70.70836,77.89954
timesfm,20,2026-05-07,15,78.43000030517578,74.21222,70.490005,77.8824
timesfm,20,2026-05-08,16,78.41999816894531,74.156494,70.340004,78.01801
timesfm,20,2026-05-11,17,78.66000366210938,74.10666,70.19474,78.125534
timesfm,20,2026-05-12,18,80.02999877929688,74.11293,70.07877,78.154015
timesfm,20,2026-05-13,19,80.26000213623047,74.00942,69.674866,78.322014
timesfm,20,2026-05-14,20,80.44999694824219,73.87069,69.31065,78.18417
timesfm,21,2026-05-01,1,78.58000183105469,78.657646,77.12285,80.26686
timesfm,21,2026-05-04,2,78.19000244140625,78.63781,76.722206,80.6092
timesfm,21,2026-05-05,3,78.4800033569336,78.61156,76.41636,80.85981
timesfm,21,2026-05-06,4,79.2300033569336,78.53799,76.14229,81.10286
timesfm,21,2026-05-07,5,78.43000030517578,78.47047,75.81908,81.20187
timesfm,21,2026-05-08,6,78.41999816894531,78.42948,75.61614,81.40936
timesfm,21,2026-05-11,7,78.66000366210938,78.457794,75.38386,81.53881
timesfm,21,2026-05-12,8,80.02999877929688,78.46287,75.13404,81.81007
timesfm,21,2026-05-13,9,80.26000213623047,78.39271,75.0692,81.794205
timesfm,21,2026-05-14,10,80.44999694824219,78.30733,74.769485,81.963585
timesfm,21,2026-05-15,11,80.81999969482422,78.33681,74.703415,82.02423
timesfm,21,2026-05-18,12,81.19999694824219,78.27476,74.394806,82.25571
timesfm,21,2026-05-19,13,81.91999816894531,78.19922,74.413246,82.26926
timesfm,21,2026-05-20,14,81.55000305175781,78.12391,74.13804,82.36957
timesfm,21,2026-05-21,15,81.16999816894531,78.17252,73.99901,82.35895
timesfm,21,2026-05-22,16,81.4800033569336,78.131836,73.89448,82.546104
timesfm,21,2026-05-26,17,80.45999908447266,78.09918,73.7824,82.60995
timesfm,21,2026-05-27,18,81.62000274658203,78.10829,73.641624,82.65555
timesfm,21,2026-05-28,19,80.41000366210938,78.06863,73.34518,82.7572
timesfm,21,2026-05-29,20,79.01000213623047,77.93688,72.867134,82.617355
timesfm,22,2026-05-15,1,80.81999969482422,80.37248,78.913155,82.01097
timesfm,22,2026-05-18,2,81.19999694824219,80.39199,78.56741,82.398125
timesfm,22,2026-05-19,3,81.91999816894531,80.39534,78.287476,82.752655
timesfm,22,2026-05-20,4,81.55000305175781,80.27914,78.005,82.96609
timesfm,22,2026-05-21,5,81.16999816894531,80.18047,77.60216,83.01908
timesfm,22,2026-05-22,6,81.4800033569336,80.161575,77.46806,83.27351
timesfm,22,2026-05-26,7,80.45999908447266,80.186844,77.20686,83.475914
timesfm,22,2026-05-27,8,81.62000274658203,80.05719,76.88046,83.53595
timesfm,22,2026-05-28,9,80.41000366210938,80.03029,76.83042,83.59912
timesfm,22,2026-05-29,10,79.01000213623047,79.95565,76.557,83.75767
timesfm,22,2026-06-01,11,78.63999938964844,80.030014,76.490326,83.86771
timesfm,22,2026-06-02,12,78.41000366210938,79.96649,76.26924,84.042854
timesfm,22,2026-06-03,13,78.76000213623047,79.9041,76.18931,84.121544
timesfm,22,2026-06-04,14,76.81999969482422,79.87913,75.94383,84.247795
timesfm,22,2026-06-05,15,79.4800033569336,79.98967,75.89653,84.40343
timesfm,22,2026-06-08,16,79.54000091552734,79.90231,75.76084,84.563156
timesfm,22,2026-06-09,17,81.33999633789062,79.91389,75.59061,84.65344
timesfm,22,2026-06-10,18,83.58999633789062,79.87582,75.45155,84.695694
timesfm,22,2026-06-11,19,82.52999877929688,79.75182,74.97031,84.69369
timesfm,22,2026-06-12,20,82.62000274658203,79.59956,74.491806,84.56366
timesfm,23,2026-06-01,1,78.63999938964844,79.07583,77.747475,80.45917
timesfm,23,2026-06-02,2,78.41000366210938,78.9378,77.31555,80.68659
timesfm,23,2026-06-03,3,78.76000213623047,78.92226,76.984566,81.04235
timesfm,23,2026-06-04,4,76.81999969482422,78.90269,76.71429,81.32173
timesfm,23,2026-06-05,5,79.4800033569336,78.85632,76.42382,81.48455
timesfm,23,2026-06-08,6,79.54000091552734,78.85181,76.21628,81.65493
timesfm,23,2026-06-09,7,81.33999633789062,78.82341,75.89467,81.92392
timesfm,23,2026-06-10,8,83.58999633789062,78.71713,75.64327,82.053764
timesfm,23,2026-06-11,9,82.52999877929688,78.67439,75.43899,82.086426
timesfm,23,2026-06-12,10,82.62000274658203,78.59575,75.09714,82.25356
timesfm,23,2026-06-15,11,80.91000366210938,78.58987,74.91417,82.30896
timesfm,23,2026-06-16,12,80.27999877929688,78.56385,74.79899,82.55752
timesfm,23,2026-06-17,13,79.93000030517578,78.50821,74.755554,82.6534
timesfm,23,2026-06-18,14,79.38999938964844,78.37685,74.43356,82.79771
timesfm,23,2026-06-22,15,79.52999877929688,78.4476,74.22612,82.908394
timesfm,23,2026-06-23,16,80.30999755859375,78.45357,74.15603,83.11543
timesfm,23,2026-06-24,17,80.5999984741211,78.46858,74.0227,83.292145
timesfm,23,2026-06-25,18,80.41999816894531,78.43135,73.89803,83.24895
timesfm,23,2026-06-26,19,82.62999725341797,78.36781,73.51156,83.400505
timesfm,23,2026-06-29,20,82.6500015258789,78.21626,73.185326,83.17102
timesfm,24,2026-06-15,1,80.91000366210938,82.55829,81.02614,83.875374
timesfm,24,2026-06-16,2,80.27999877929688,82.39576,80.442215,84.06137
timesfm,24,2026-06-17,3,79.93000030517578,82.32228,79.95548,84.323616
timesfm,24,2026-06-18,4,79.38999938964844,82.22235,79.59121,84.59348
timesfm,24,2026-06-22,5,79.52999877929688,82.17792,79.18698,84.80636
timesfm,24,2026-06-23,6,80.30999755859375,82.118935,78.89797,85.03924
timesfm,24,2026-06-24,7,80.5999984741211,82.117966,78.522675,85.24096
timesfm,24,2026-06-25,8,80.41999816894531,81.89857,78.13217,85.27248
timesfm,24,2026-06-26,9,82.62999725341797,81.91363,78.02246,85.376396
timesfm,24,2026-06-29,10,82.6500015258789,81.77496,77.6996,85.52616
timesfm,24,2026-06-30,11,81.2699966430664,81.77927,77.5287,85.55438
timesfm,24,2026-07-01,12,81.29000091552734,81.628555,77.17644,85.67705
timesfm,24,2026-07-02,13,84.13999938964844,81.63506,77.33461,85.84749
timesfm,24,2026-07-06,14,82.95999908447266,81.53827,76.99385,85.891174
timesfm,24,2026-07-07,15,84.05000305175781,81.56818,76.83176,85.925934
timesfm,24,2026-07-08,16,83.4000015258789,81.51161,76.80193,86.01948
timesfm,24,2026-07-09,17,82.62999725341797,81.59746,76.76548,86.290726
timesfm,24,2026-07-10,18,83.48999786376953,81.648735,76.72895,86.35568
timesfm,24,2026-07-13,19,84.25,81.63175,76.485725,86.574326
timesfm,24,2026-07-14,20,83.08000183105469,81.610085,76.20132,86.561554
timesfm,25,2026-06-30,1,81.2699966430664,82.531624,80.840614,84.07466
timesfm,25,2026-07-01,2,81.29000091552734,82.43771,80.35339,84.376144
timesfm,25,2026-07-02,3,84.13999938964844,82.37682,79.97188,84.6859
timesfm,25,2026-07-06,4,82.95999908447266,82.30127,79.72794,85.02514
timesfm,25,2026-07-07,5,84.05000305175781,82.208786,79.2349,85.10998
timesfm,25,2026-07-08,6,83.4000015258789,82.21675,79.083336,85.45442
timesfm,25,2026-07-09,7,82.62999725341797,82.25008,78.80882,85.68893
timesfm,25,2026-07-10,8,83.48999786376953,82.14102,78.514275,85.821556
timesfm,25,2026-07-13,9,84.25,82.281204,78.49309,86.09544
timesfm,25,2026-07-14,10,83.08000183105469,82.29826,78.31056,86.41394
timesfm,25,2026-07-15,11,82.44999694824219,82.383385,78.20665,86.49301
timesfm,25,2026-07-16,12,84.91999816894531,82.39517,78.02226,86.78433
timesfm,25,2026-07-17,13,81.55999755859375,82.39341,78.16801,86.92923
timesfm,25,2026-07-20,14,82.12000274658203,82.40967,77.99376,87.1675
timesfm,25,2026-07-21,15,81.97000122070312,82.42161,77.82184,87.16405
timesfm,25,2026-07-22,16,82.19999694824219,82.34865,77.81154,87.25505
timesfm,25,2026-07-23,17,81.16999816894531,82.39732,77.75927,87.52208
timesfm,25,2026-07-24,18,82.25,82.34009,77.65085,87.44197
timesfm,25,2026-07-27,19,84.06999969482422,82.193146,77.17998,87.4733
timesfm,25,2026-07-28,20,88.2699966430664,82.1711,76.86191,87.36604
timesfm,26,2026-07-15,1,82.44999694824219,83.065926,81.50771,84.872086
timesfm,26,2026-07-16,2,84.91999816894531,83.05021,81.20495,85.16122
timesfm,26,2026-07-17,3,81.55999755859375,83.13042,81.04551,85.65276
timesfm,26,2026-07-20,4,82.12000274658203,83.09868,80.846634,85.895134
timesfm,26,2026-07-21,5,81.97000122070312,83.037766,80.38504,85.933876
timesfm,26,2026-07-22,6,82.19999694824219,83.09848,80.28922,86.23813
timesfm,26,2026-07-23,7,81.16999816894531,83.13127,80.06861,86.40731
timesfm,26,2026-07-24,8,82.25,83.02244,79.824554,86.47096
timesfm,26,2026-07-27,9,84.06999969482422,83.0745,79.723854,86.569626
timesfm,26,2026-07-28,10,88.2699966430664,82.9149,79.376915,86.65265
timesfm,26,2026-07-29,11,89.08000183105469,83.04714,79.31093,86.83114
timesfm,26,2026-07-30,12,88.48999786376953,83.04359,79.20961,87.13711
timesfm,26,2026-07-31,13,87.58999633789062,83.007866,79.23005,87.244415
timesfm,26,2026-08-03,14,86.86000061035156,82.989555,78.98296,87.46897
timesfm,26,2026-08-04,15,86.55999755859375,83.106255,78.80621,87.55148
timesfm,26,2026-08-05,16,86.83000183105469,82.99228,78.76443,87.62185
timesfm,26,2026-08-06,17,86.8499984741211,83.00451,78.651054,87.85579
timesfm,26,2026-08-07,18,87.05000305175781,82.92449,78.479454,87.72214
timesfm,26,2026-08-10,19,86.87000274658203,82.82308,77.92873,87.80688
timesfm,26,2026-08-11,20,86.4800033569336,82.78527,77.533104,87.7134
timesfm,27,2026-07-29,1,89.08000183105469,87.25979,84.303986,90.40781
timesfm,27,2026-07-30,2,88.48999786376953,87.14099,83.772285,90.938896
timesfm,27,2026-07-31,3,87.58999633789062,87.04799,83.39141,91.37473
timesfm,27,2026-08-03,4,86.86000061035156,87.00965,83.146774,91.81156
timesfm,27,2026-08-04,5,86.55999755859375,86.97653,82.74128,92.120895
timesfm,27,2026-08-05,6,86.83000183105469,87.09162,82.62478,92.5735
timesfm,27,2026-08-06,7,86.8499984741211,87.0172,82.271774,92.69366
timesfm,27,2026-08-07,8,87.05000305175781,86.78765,81.827545,92.701614
timesfm,27,2026-08-10,9,86.87000274658203,86.81019,81.88791,92.84414
timesfm,27,2026-08-11,10,86.4800033569336,86.65334,81.504456,92.94903
timesfm,27,2026-08-12,11,86.70999908447266,86.73068,81.49849,93.01563
timesfm,27,2026-08-13,12,87.41999816894531,86.83253,81.14489,93.48118
timesfm,27,2026-08-14,13,87.70999908447266,86.80721,81.45912,93.35865
timesfm,27,2026-08-17,14,86.9800033569336,86.7547,81.13719,93.5544
timesfm,27,2026-08-18,15,88.81999969482422,86.86473,81.120285,93.52534
timesfm,27,2026-08-19,16,90.3499984741211,86.71918,81.19237,93.48857
timesfm,27,2026-08-20,17,90.5,86.77072,81.032295,93.79247
timesfm,27,2026-08-21,18,91.0999984741211,86.76668,80.98562,93.77252
timesfm,27,2026-08-24,19,91.98999786376952,86.589035,80.42551,93.6657
timesfm,27,2026-08-25,20,91.63999938964844,86.58255,79.940765,93.67372
timesfm,28,2026-08-12,1,86.70999908447266,86.26773,84.79757,87.997055
timesfm,28,2026-08-13,2,87.41999816894531,86.27516,84.38588,88.37307
timesfm,28,2026-08-14,3,87.70999908447266,86.295364,84.125626,88.82077
timesfm,28,2026-08-17,4,86.9800033569336,86.29112,83.88197,89.085686
timesfm,28,2026-08-18,5,88.81999969482422,86.19389,83.443794,89.090034
timesfm,28,2026-08-19,6,90.3499984741211,86.19833,83.16662,89.276855
timesfm,28,2026-08-20,7,90.5,86.09172,82.70444,89.31622
timesfm,28,2026-08-21,8,91.0999984741211,85.87095,82.34992,89.31806
timesfm,28,2026-08-24,9,91.98999786376952,85.91011,82.288055,89.458405
timesfm,28,2026-08-25,10,91.63999938964844,85.716,81.86934,89.58048
timesfm,28,2026-08-26,11,90.08000183105467,85.73358,81.66992,89.67545
timesfm,28,2026-08-27,12,89.05999755859375,85.60389,81.277435,89.84759
timesfm,28,2026-08-28,13,89.66000366210938,85.47862,81.21604,89.78215
timesfm,28,2026-08-31,14,88.66999816894531,85.38139,81.03006,89.88983
timesfm,28,2026-09-01,15,88.0,85.38037,80.813,89.96312
timesfm,28,2026-09-02,16,88.23999786376953,85.242584,80.68806,89.976715
timesfm,28,2026-09-03,17,88.80999755859375,85.20238,80.362686,90.26625
timesfm,28,2026-09-04,18,88.06999969482422,85.07912,80.098335,90.12886
timesfm,28,2026-09-08,19,88.36000061035156,84.95964,79.52288,90.1629
timesfm,28,2026-09-09,20,87.55000305175781,84.9332,79.142006,90.06353
