realized_vol,rolling_vol_20d,hurst,efficiency_ratio,max_drawdown,downside_vol,adf_stat,adf_pvalue,kpss_stat,kpss_pvalue,skewness,kurtosis,max_abs_return,volume_ratio,dataset,window_id,target_start_date,regime
0.1691704740461331,0.0991573087265342,0.3630947976101943,0.1079636642773885,0.18902206184284007,0.13667679015469011,-11.715615290343298,1.4537072562214918e-21,0.09561093686331186,0.1,0.486611996380606,16.300217264203507,0.09089487983303712,1.2420287068174392,SP500,0,2025-07-01,medium
0.16929320470624656,0.09115736814029737,0.36155616207278074,0.10786364593284292,0.18902206184284007,0.13656483432632557,-11.762918478717927,1.1367011405014149e-21,0.09795362075004119,0.1,0.4849030270258757,16.245386210625384,0.09089487983303712,1.2599734797629758,SP500,1,2025-07-16,medium
0.16840478554338462,0.06516048705401215,0.373620067351699,0.10659005196004541,0.18902206184284007,0.13635837522590816,-11.767253928486898,1.1114157633248793e-21,0.06878735436595056,0.1,0.5048397931930565,16.64331149328436,0.09089487983303712,1.1846705850664265,SP500,2,2025-07-30,medium
0.16917109013256942,0.10531618116731033,0.3879362813361646,0.10870518385613549,0.18902206184284007,0.1364251916760664,-11.693212530576993,1.6338836062743005e-21,0.07166711238983127,0.1,0.48819680739732985,16.304935019370436,0.09089487983303712,1.1932769733355164,SP500,3,2025-08-13,medium
0.1692523849693416,0.1200749632899907,0.40633872163443485,0.10307042989739672,0.18902206184284007,0.13575092173552952,-11.726540579492333,1.3732984343915803e-21,0.06257486773967405,0.1,0.5013243708757325,16.280358280222814,0.09089487983303712,1.1166179387399806,SP500,4,2025-08-27,medium
0.16852145892655662,0.08615977961366114,0.4199932027570844,0.101636200806414,0.18902206184284007,0.13523891904402444,-11.747043421500631,1.2343860151047453e-21,0.05876331100773766,0.1,0.5170500973788682,16.60039433750019,0.09089487983303712,1.044279303693059,SP500,5,2025-09-11,medium
0.16797447990650796,0.07255759986321757,0.42792122776868957,0.10688477207980125,0.18902206184284007,0.13511243710944645,-11.771078633158218,1.0895841280930442e-21,0.0625972107145608,0.1,0.5200295708794331,16.841461294871486,0.09089487983303712,1.1720155066666345,SP500,6,2025-09-25,medium
0.16700370787518004,0.06329373429668401,0.4325178242481117,0.10684402084860464,0.18902206184284007,0.1355209377881562,-11.841730005850165,7.5616980536642545e-22,0.06990312596282096,0.1,0.5185086281315504,17.27306018057812,0.09089487983303712,1.2651905512335428,SP500,7,2025-10-09,medium
0.16850203185338017,0.1354265948071002,0.4341572671279243,0.09427678970436623,0.18902206184284007,0.13759964373481134,-11.772390686669693,1.0821956943857793e-21,0.0633882403976606,0.1,0.4834308896153629,16.706722222057426,0.09089487983303712,1.2381289052298834,SP500,8,2025-10-23,medium
0.16879537976656003,0.151907594301048,0.4389873966950394,0.10428116734823384,0.18902206184284007,0.13857245862166748,-11.752558440844167,1.1995183051823205e-21,0.06256367609507117,0.1,0.46292833775382214,16.561105869922653,0.09089487983303712,1.2460684053281823,SP500,9,2025-11-06,medium
0.1690466999758738,0.13235357695738628,0.4398792839236591,0.102345756139529,0.18902206184284007,0.13922535713627632,-11.933958558930525,4.709919850246121e-22,0.07043587358989656,0.1,0.45847118260431524,16.45605305144338,0.09089487983303712,1.212129410136848,SP500,10,2025-11-20,medium
0.1689966964474285,0.14512095507933875,0.4371926821375286,0.11171948639279232,0.18902206184284007,0.13994232183667257,-11.970626929457609,3.9061056584976258e-22,0.063983350011879,0.1,0.448908787906266,16.47303791215375,0.09089487983303712,1.1004545360200868,SP500,11,2025-12-05,medium
0.1690180484435965,0.12336087558423832,0.4367053390886991,0.09162424446065988,0.18902206184284007,0.1387308148508303,-12.01255803573373,3.1560721590314705e-22,0.05075122992836836,0.1,0.47478198673500355,16.48837547456972,0.09089487983303712,1.05547415807101,SP500,12,2025-12-19,medium
0.1689411692728335,0.09265926377694249,0.43656144239151634,0.10028578085753548,0.18902206184284007,0.13916369658215783,-12.098800076209322,2.0409931009002146e-22,0.054465949260092336,0.1,0.46194950864182305,16.51327891347459,0.09089487983303712,0.976994225818286,SP500,13,2026-01-06,medium
0.1696661082395901,0.1048670312556802,0.43731549440588335,0.08342147720577381,0.18902206184284007,0.13905322434042472,-11.99617425685416,3.4299240351503534e-22,0.05065154113802206,0.1,0.462919268554392,16.238871478580837,0.09089487983303712,1.0041535551785927,SP500,14,2026-01-21,medium
0.17001679488564592,0.10879821564992025,0.4380246756998203,0.0873498795938536,0.18902206184284007,0.13912457640899112,-12.067729303280903,2.3870664667709116e-22,0.05465171891266256,0.1,0.4545023529610096,16.080272670749668,0.09089487983303712,1.1741751823710094,SP500,15,2026-02-04,medium
0.1710575616515652,0.1256028959533395,0.4420046691739552,0.07273534578466058,0.18902206184284007,0.13839641037219455,-12.174533791393387,1.3960256377321777e-22,0.06758769966634111,0.1,0.4728964550332643,15.67638482245912,0.09089487983303712,1.2445232487440414,SP500,16,2026-02-19,medium
0.1697460933709873,0.13411925917343412,0.4489666835626075,0.08607501198416229,0.18902206184284007,0.13762650328942402,-12.727512680089639,9.531184420682922e-24,0.054682932117079204,0.1,0.4860338803721428,16.17064218937656,0.09089487983303712,1.221840221052573,SP500,17,2026-03-05,medium
0.1663537760552123,0.1296014668006609,0.4549539234815229,0.07247792419641512,0.18902206184284007,0.13380318180794992,-12.406163125946668,4.447655953705537e-23,0.08910661656735874,0.1,0.56826455547692,17.52648886163539,0.09089487983303712,1.1681332634094748,SP500,18,2026-03-19,medium
0.16884890946759676,0.18760472706368253,0.45396780598088776,0.056500188782663434,0.18902206184284007,0.13403582651196924,-12.507638299742988,2.7182238001981535e-23,0.08629637976583143,0.1,0.5815213761569444,16.524163888170598,0.09089487983303712,1.1796433002062061,SP500,19,2026-04-02,medium
0.16834177885267113,0.18905649711860384,0.4478014473222575,0.08846217823580099,0.18902206184284007,0.13397796023192793,-8.467989646591679,1.504234048660791e-13,0.05688922903865886,0.1,0.5932454449439174,16.716902068730988,0.09089487983303712,1.087594274502562,SP500,20,2026-04-17,medium
0.1685581486775917,0.11901101325171222,0.43544524191050016,0.08748883641431346,0.18902206184284007,0.13325987989079516,-8.370461498679605,2.670939961148034e-13,0.07230916618343682,0.1,0.5920446971410194,16.61314767227021,0.09089487983303712,0.9967818960628834,SP500,21,2026-05-01,medium
0.16857230303554946,0.10240901714456589,0.4291753467741872,0.09993425156555787,0.18902206184284007,0.13351962855582097,-12.015685861851152,3.106377190296948e-22,0.10985428565605514,0.1,0.5813019328729729,16.59389913130815,0.09089487983303712,1.0593377621743505,SP500,22,2026-05-15,medium
0.16877879089042222,0.10069353646737189,0.42911740485211347,0.10350774992534287,0.18902206184284007,0.13420648827721846,-12.041353934941686,2.7275098862114536e-22,0.10928846483200114,0.1,0.571751230173181,16.498191034216312,0.09089487983303712,1.099696764541215,SP500,23,2026-06-01,medium
0.16931005671085683,0.15491983729339243,0.4321957162475418,0.08613683775585274,0.18902206184284007,0.1356370388335386,-11.976776284849608,3.78566109594172e-22,0.09886576620805065,0.1,0.5342358579128809,16.319064782807494,0.09089487983303712,1.0908799762087986,SP500,24,2026-06-15,medium
0.17043083143148194,0.17531748998893648,0.4223162247265944,0.0857705734484353,0.18902206184284007,0.1350227908107342,-12.049687117487364,2.6149105960204688e-22,0.08619995674723013,0.1,0.5279190927422933,15.838387906778024,0.09089487983303712,1.1514685813057162,SP500,25,2026-06-30,medium
0.17070523084727474,0.1274223100566925,0.4005142014710579,0.0820433611783724,0.18902206184284007,0.13432503333938436,-11.986819010865451,3.5970298576567637e-22,0.12233541483997402,0.1,0.5339945194624629,15.725881637365287,0.09089487983303712,1.0925015063289978,SP500,26,2026-07-15,medium
0.16936962635934155,0.09547167927885325,0.3701806865468835,0.0874354727009178,0.18902206184284007,0.13215286723342334,-11.90291568590688,5.521125794895513e-22,0.06149627078648063,0.1,0.5860119482005877,16.1522765557135,0.09089487983303712,0.9745553232059103,SP500,27,2026-07-29,medium
0.17006279263111543,0.14051208591292905,0.34552000037911873,0.09712762435465624,0.18902206184284007,0.13259269010250685,-11.626123660947663,2.3213973311360722e-21,0.08664346687151195,0.1,0.5784945345362126,15.863610419100624,0.09089487983303712,0.9967873812798416,SP500,28,2026-08-12,medium
0.18019356988847557,0.08664068974058448,0.3677657813991533,0.046571476008633574,0.14728274133286526,0.1410993424183114,-11.548116834041139,3.500666450445502e-21,0.06442325608203439,0.1,-0.18036938952996703,13.896265189989364,0.07755036358672207,1.033607174918091,SSE,0,2025-07-01,medium
0.18000875816858886,0.07887488385898163,0.36415289727370487,0.05249407350832882,0.14728274133286526,0.14180598407789238,-11.529760271650986,3.8573911231084164e-21,0.08026343713796764,0.1,-0.1898218903655103,13.966846142285203,0.07755036358672207,1.1285957524139951,SSE,1,2025-07-15,medium
0.1799350819405573,0.053442333228739036,0.3643946765115585,0.06379469714206884,0.14728274133286526,0.14256203573170353,-11.569766718251026,3.122666879982049e-21,0.08383844970243591,0.1,-0.20675522528997103,13.999141473874339,0.07755036358672207,1.3193945737151989,SSE,2,2025-07-29,medium
0.1794965147179857,0.0792603161506572,0.3688746842368333,0.0793585752546373,0.14728274133286526,0.1433624182340143,-11.621965197578593,2.372638425323199e-21,0.06250754542982107,0.1,-0.22670915157102453,14.161225500051,0.07755036358672207,1.3420969072745053,SSE,3,2025-08-12,medium
0.1798798949728455,0.1026660771094118,0.37578432989460503,0.10106026856023924,0.14728274133286526,0.14415276331682744,-11.402255406937245,7.597655130891663e-21,0.12081424853019353,0.1,-0.24814514385611106,14.033403574967402,0.07755036358672207,1.3906680917735965,SSE,4,2025-08-26,medium
0.18090644385527485,0.1459766688816024,0.388681391559911,0.10241837010281962,0.14728274133286526,0.14492601068541883,-9.54669128794761,2.63768681432537e-16,0.06733101731473823,0.1,-0.25955182659001413,13.674596158847915,0.07755036358672207,1.5507054801525428,SSE,5,2025-09-09,medium
0.1772172965785606,0.13771782254074785,0.4017096019300113,0.1048382436606587,0.14728274133286526,0.1420061599686109,-9.379410038940145,7.023024302191737e-16,0.061644642900027004,0.1,-0.26778635802081563,14.854616933358113,0.07755036358672207,1.4870003955560143,SSE,6,2025-09-23,medium
0.17354860387288548,0.11453724261091414,0.4211442293842898,0.10646191582228325,0.14728274133286526,0.14074315760890957,-9.289149493877806,1.1927659328042465e-15,0.06601449671352831,0.1,-0.32092549164659673,16.189706420877663,0.07755036358672207,1.3960417290924199,SSE,7,2025-10-15,medium
0.1729204542771051,0.136137782036471,0.42609224377033983,0.106198439249294,0.14728274133286526,0.1406485241856364,-8.281251076832758,4.513418145365175e-13,0.12040608588609467,0.1,-0.3266518936931596,16.448808880199124,0.07755036358672207,1.3126280969475577,SSE,8,2025-10-29,medium
0.17298669284674092,0.12915610563506386,0.4256070014211593,0.10541380851656952,0.14728274133286526,0.14090411418829846,-8.327093608710907,3.4471262884836077e-13,0.11443303375263186,0.1,-0.32680767757462315,16.419411517235652,0.07755036358672207,1.262948318833569,SSE,9,2025-11-12,medium
0.17367461657679872,0.12937826544103354,0.41614882720505825,0.08841561203647046,0.14728274133286526,0.14184742183414636,-8.226766377418883,6.216133708725463e-13,0.08181305643511329,0.1,-0.32823026216193235,16.167205311075485,0.07755036358672207,1.22809197876781,SSE,10,2025-11-26,medium
0.17216165350677023,0.12162789696115037,0.4009067973189237,0.09362815433189879,0.14728274133286526,0.1416322512804081,-8.295191213056377,4.1583431474747706e-13,0.07856536519104709,0.1,-0.3521022528404102,16.80062836511583,0.07755036358672207,1.0764161690258842,SSE,11,2025-12-10,medium
0.1720507263522053,0.09083922329506977,0.3751877847026578,0.08639098834998131,0.14728274133286526,0.1416844091640348,-8.27235397366578,4.755691933478108e-13,0.09650063844886787,0.1,-0.3440987411134051,16.845000512468463,0.07755036358672207,1.0141581509627442,SSE,12,2025-12-24,medium
0.17221472808580277,0.10284771260314733,0.3387704887117333,0.10319856323723002,0.14387974999574876,0.14292890375822587,-8.25657178425751,5.217800939818579e-13,0.12047591380634336,0.1,-0.35920590337737535,16.790890068365382,0.07755036358672207,1.0924022246999172,SSE,13,2026-01-09,medium
0.17177728799624822,0.09021507396922297,0.31426428015186253,0.11505891616374318,0.12522936565986267,0.1432559998169706,-8.34238256783188,3.1506833637203204e-13,0.08648520211904606,0.1,-0.37539777987771633,16.995508350841913,0.07755036358672207,1.3136795374158754,SSE,14,2026-01-23,medium
0.17317608763540587,0.13168004882690926,0.3037726414578174,0.11588875166393467,0.11267172972827005,0.14582087165711716,-8.353169605778792,2.9569712894735536e-13,0.04567333738098823,0.1,-0.4033509423431642,16.445583857136253,0.07755036358672207,1.4650805603883132,SSE,15,2026-02-06,medium
0.17312745029813503,0.14250891920496458,0.29927952158452903,0.12890454696125203,0.11267172972827005,0.14722852338138806,-8.392709851180708,2.3431709432885785e-13,0.03941359201252397,0.1,-0.42092525618277865,16.48418733334101,0.07755036358672207,1.2713905365838858,SSE,16,2026-03-02,medium
0.17323469030513033,0.11797429685570596,0.29735909964262164,0.12238051322563186,0.11267172972827005,0.14758363074176092,-8.398690704833657,2.262123650588817e-13,0.03316943982956703,0.1,-0.4241177711964035,16.437360003461585,0.07755036358672207,1.2471874382905188,SSE,17,2026-03-16,medium
0.17627794137986233,0.19277708659334486,0.29094702331170136,0.10201862868501128,0.11267172972827005,0.15160236263670604,-8.279366156248935,4.563696010987034e-13,0.06290844956671275,0.1,-0.4817792868212232,15.445646322012031,0.07755036358672207,1.3077852511543164,SSE,18,2026-03-30,medium
0.17763296739763018,0.21981440368502303,0.28359384313671143,0.11655148899096804,0.11267172972827005,0.15180475940462285,-8.309945736468219,3.812841587055458e-13,0.07942780339256512,0.1,-0.4633898912038658,14.978214459191722,0.07755036358672207,1.1050157445299236,SSE,19,2026-04-14,medium
0.1775475573770201,0.13543366584394262,0.27381872315549793,0.12732225865397342,0.11267172972827005,0.15268012953876794,-8.407514962172376,2.1476274010081473e-13,0.07976621913978364,0.1,-0.48027722587862876,15.023811269275619,0.07755036358672207,1.011154169758644,SSE,20,2026-04-28,medium
0.1775196131327944,0.09998497655761825,0.26810501171573725,0.1472407632051004,0.11267172972827005,0.15457563225135396,-8.54821128374754,9.376834982997932e-14,0.13751622619911683,0.1,-0.5171046043667873,15.069583579778506,0.07755036358672207,1.110698967143999,SSE,21,2026-05-15,medium
0.17251046290797134,0.14382748543396576,0.3483855654800836,0.10313260787555562,0.11267172972827005,0.15413503914915092,-18.58049974105969,2.0781659928305147e-30,0.06246328674433548,0.1,-0.7320716200863798,16.404922563750084,0.07755036358672207,1.1497603806406809,SSE,22,2026-05-29,medium
0.14276818005331385,0.14074610618759087,0.3664566828149685,0.08032023420214959,0.10778493576209108,0.13048420256676635,-15.703376020593684,1.3873707413220207e-28,0.07916250396087067,0.1,-1.9411337663922794,13.844469651258159,0.07627487929726584,1.1123488010988039,SSE,23,2026-06-12,stable
0.14511623876403507,0.1661454757759067,0.37116497909103163,0.0817968901873177,0.10778493576209108,0.13223040301984926,-15.715023247382506,1.3451114570448074e-28,0.07040805415802123,0.1,-1.8681658030560386,12.963574811271133,0.07627487929726584,1.1339694065115284,SSE,24,2026-06-29,stable
0.14313039830710553,0.18598050891756868,0.37418872285650406,0.07248358364609797,0.10542368113985989,0.1322935085757401,-16.377046672256473,2.7746594069706097e-29,0.09402037423528804,0.1,-2.0047932409635245,13.608634994150062,0.07627487929726584,1.1065291886657749,SSE,25,2026-07-13,stable
0.14582311505494433,0.2188341269527427,0.37767488435485924,0.051692553208858544,0.1127657404882868,0.13423307802639692,-16.768120496146782,1.293600259156066e-29,0.1803183046781146,0.1,-1.9142707939347963,12.483455555893123,0.07627487929726584,1.0467881183915055,SSE,26,2026-07-27,stable
0.1457357709387222,0.21076495062305042,0.3860451087787016,0.05765347091735899,0.1127657404882868,0.1331309773478346,-16.630702956390994,1.6669690183644014e-29,0.11825447790025058,0.1,-1.8981239908136596,12.505303259466736,0.07627487929726584,1.0168710738072875,SSE,27,2026-08-10,stable
0.25870486270521226,0.12745291092624533,0.3976061362074423,0.014880937875210819,0.20969025558654983,0.17887605445848098,-11.798957510973143,9.430717073972306e-22,0.07465611976742159,0.1,0.3950266072077353,11.087958485814813,0.10157927377054499,0.9312461434125476,SZSE,0,2025-07-01,unstable
0.2584246596227516,0.12863875332132593,0.39286478741694847,0.017150391452228457,0.2053329137129631,0.17885266477451617,-11.767398893676672,1.1105802407377876e-21,0.0993303442650144,0.1,0.39008602746889043,11.140637675311698,0.10157927377054499,1.0256776288788565,SZSE,1,2025-07-15,unstable
0.2584458301718805,0.1052837361273988,0.3901048064619402,0.036323452551821005,0.18534851212923442,0.18028999117156574,-11.770319023918963,1.0938850557281552e-21,0.10205802436323252,0.1,0.36114912543210126,11.118670442542228,0.10157927377054499,1.1654267093283353,SZSE,2,2025-07-29,unstable
0.25824420517518754,0.12327773131184562,0.39270305153727336,0.04615796278811835,0.18534851212923442,0.18080554302259058,-11.830153220310775,8.026884032489675e-22,0.0687325826625989,0.1,0.3482904895955538,11.150258905237255,0.10157927377054499,1.2043782341114655,SZSE,3,2025-08-12,unstable
0.25880590441260976,0.1683807300571508,0.3988698745161916,0.06976343850707509,0.18534851212923442,0.1816156642283953,-11.602452642281296,2.6288551666011747e-21,0.15512668016818468,0.1,0.31848277747628356,11.012228091569972,0.10157927377054499,1.3582261159246618,SZSE,4,2025-08-26,unstable
0.2618167808132065,0.2584900343566522,0.4131318735708243,0.08624381198294921,0.18534851212923442,0.18466118123783937,-11.890584316604656,5.881611245379505e-22,0.09906969482258214,0.1,0.2921554598159727,10.465941431758747,0.10157927377054499,1.659078955026063,SZSE,5,2025-09-09,unstable
0.2595543092273323,0.26313215838268544,0.43177347098063024,0.10698721132186507,0.18534851212923442,0.1818690177117742,-9.652528621084246,1.4221499370594373e-16,0.10020943994427564,0.1,0.3204807481210834,10.868969172227647,0.10157927377054499,1.6152618415177777,SZSE,6,2025-09-23,unstable
0.2553454274060637,0.24255287439402887,0.45734051161086403,0.09253854424772055,0.18534851212923442,0.182099540565856,-9.437690443984993,4.991015990117059e-16,0.08702410512909052,0.1,0.2259628317376889,11.34834225434455,0.10157927377054499,1.4715296851890978,SZSE,7,2025-10-15,unstable
0.2555822627993922,0.26395413887689084,0.4654138063378668,0.09167537217294121,0.18534851212923442,0.18228499884598331,-9.38038233694351,6.983098578261754e-16,0.13918490177264703,0.1,0.21282882649627374,11.296830500291266,0.10157927377054499,1.271174215978939,SZSE,8,2025-10-29,unstable
0.2559314649265225,0.2238468589081375,0.4683126347138116,0.08117779451417059,0.18534851212923442,0.18208059601136992,-11.92522616865917,4.925015800489851e-22,0.14055246877950905,0.1,0.2241092798765111,11.226021533824674,0.10157927377054499,1.1366479520901294,SZSE,9,2025-11-12,unstable
0.25647014410592317,0.21685388661110327,0.46044370442322574,0.07143598570330409,0.18534851212923442,0.183354543778618,-18.168922774083676,2.4499841398689675e-30,0.10186829382090329,0.1,0.2104458361916335,11.146932002012381,0.10157927377054499,1.131592786399356,SZSE,10,2025-11-26,unstable
0.25485071362854916,0.20210521689146296,0.4485155219319596,0.08735235919652339,0.18534851212923442,0.18331175107557374,-9.41405799392259,5.732165430979562e-16,0.0912116821582033,0.1,0.19348481309838336,11.47284869918384,0.10157927377054499,1.0043480241415748,SZSE,11,2025-12-10,unstable
0.2548682962349794,0.17339261554189328,0.43165242204249227,0.07970891084062372,0.18534851212923442,0.18352910661613345,-9.428827006764893,5.256996030812856e-16,0.11547745914699849,0.1,0.19857482834357415,11.470610644952986,0.10157927377054499,0.9369731823556071,SZSE,12,2025-12-24,unstable
0.2549434387502045,0.17746245716203932,0.40798829215269644,0.09413832231489659,0.18534851212923442,0.18466163947019873,-9.387679183596774,6.690642442876625e-16,0.12156833396838622,0.1,0.1816655249350366,11.452268492327917,0.10157927377054499,1.0939499001008268,SZSE,13,2026-01-09,unstable
0.2549260053621818,0.14177664128689085,0.39305306421024955,0.10589409477148991,0.18534851212923442,0.18537185300172507,-9.3861915169035,6.749253623096434e-16,0.10633741031889674,0.1,0.16494928784255833,11.450755961734739,0.10157927377054499,1.4321410101409717,SZSE,14,2026-01-23,unstable
0.25643521987501094,0.1805154479794542,0.3882172062818464,0.10139300658600515,0.18534851212923442,0.18660555814937274,-8.648314756004975,5.197455739140607e-14,0.06549331029970727,0.1,0.15325388191402833,11.144920042815285,0.10157927377054499,1.5764248754440877,SZSE,15,2026-02-06,unstable
0.2559995065666209,0.1885366620677081,0.38581089592779105,0.12209401532673589,0.18534851212923442,0.18810957001778225,-9.388175129156817,6.671216841606536e-16,0.0521987088513981,0.1,0.12647824869184737,11.231374897564791,0.10157927377054499,1.3738131146844532,SZSE,16,2026-03-02,unstable
0.25690020225271953,0.19492077968679705,0.38184043004359813,0.11407991286914704,0.18534851212923442,0.1892775096816633,-18.06403760075078,2.6163163469146826e-30,0.046176972189099164,0.1,0.11738047937974813,11.070841958689808,0.10157927377054499,1.242511145670132,SZSE,17,2026-03-16,unstable
0.25784073450070244,0.2560943510059025,0.37624751772528703,0.10260639564790111,0.18534851212923442,0.19159512581808616,-18.235276023023445,2.3619797228356916e-30,0.048462897619047825,0.1,0.08625971556078595,10.90145741824719,0.10157927377054499,1.1846323060625947,SZSE,18,2026-03-30,unstable
0.2609976055628603,0.30450144631852166,0.36664639405828137,0.12157076141388662,0.18534851212923442,0.19269047887276947,-18.38995904358891,2.2016486018957275e-30,0.05791063742419264,0.1,0.10013458567681488,10.39225843850195,0.10157927377054499,1.0037964138525395,SZSE,19,2026-04-14,unstable
0.26160966689200676,0.2443116073984287,0.3511305766736668,0.13545041572969965,0.18534851212923442,0.19367780559052963,-18.461531574464498,2.1463865177844335e-30,0.07432177216078728,0.1,0.07621738635880554,10.26871681054276,0.10157927377054499,0.9793133157761503,SZSE,20,2026-04-28,unstable
0.26246011440843237,0.20456672850425475,0.3497238108431383,0.1460009043636132,0.18534851212923442,0.19352634861941254,-18.483656433301352,2.1315250376536768e-30,0.07844343583127743,0.1,0.06482425235444633,10.103808495387053,0.10157927377054499,1.1311648815166186,SZSE,21,2026-05-15,unstable
0.2546708937215193,0.2236798873543124,0.43157496476954915,0.1217659652541531,0.18534851212923442,0.19332368791921603,-21.3690422000188,0.0,0.08515286223461337,0.1,-0.09967101655244197,10.956080947851639,0.10157927377054499,1.2336204232814554,SZSE,22,2026-05-29,unstable
0.21951985364825574,0.26194671502876915,0.4433594945833473,0.08957135076996892,0.1777282184646476,0.1710285592588811,-20.911937326978464,0.0,0.09302165999646729,0.1,-1.0877931693959078,7.23219935208356,0.10157927377054499,1.2619859164067675,SZSE,23,2026-06-12,medium
0.22494498906761692,0.3415245208728345,0.43730538147314624,0.10181516042796869,0.1777282184646476,0.17591306202278564,-20.79010572150042,0.0,0.10888711186020585,0.1,-1.0506073672540737,6.612043645799437,0.10157927377054499,1.330443614099116,SZSE,24,2026-06-29,medium
0.2255556687276237,0.3507562783411732,0.4302999660986869,0.08089513351301227,0.1498218298191062,0.17710951846366274,-21.456387215362394,0.0,0.10903579333900539,0.1,-1.055278935703543,6.539831774493123,0.10157927377054499,1.401375658302877,SZSE,25,2026-07-13,medium
0.23340826556490746,0.3999583752381291,0.40265358623014447,0.05739669313476134,0.16871397350740572,0.18436083105771764,-15.972181997627866,6.984558334242962e-29,0.12306018994466496,0.1,-0.9931404976210699,6.080222877494849,0.10157927377054499,1.2890513640693133,SZSE,26,2026-07-27,medium
0.2395749729653094,0.43739405258365216,0.38871590215732,0.06314140724743232,0.18852955842495037,0.18941474202069986,-9.173455899060285,2.3542996668937715e-15,0.09936698667323966,0.1,-0.9703445440207223,5.533195525276842,0.10157927377054499,1.1392538095479359,SZSE,27,2026-08-10,medium
0.25765807155811704,0.12229855994449847,0.32106095366371395,0.052576985476119775,0.26258607248225585,0.2266796042916161,-12.56167494897835,2.0959279705214596e-23,0.0817618838961458,0.1,-0.9963228626110393,17.453862273348612,0.13234076084751933,0.9283191003224709,Nikkei225,0,2025-07-01,unstable
0.25714209282213296,0.12260949791430685,0.2973863249524082,0.03917188127171528,0.26258607248225585,0.22541586239330633,-12.638322784309675,1.4534235287090732e-23,0.06901327531390786,0.1,-0.9867754945201975,17.57252383177326,0.13234076084751933,0.9639895902681112,Nikkei225,1,2025-07-15,unstable
0.25764474585933245,0.16461768096518992,0.2823495423443917,0.05587226498567608,0.26258607248225585,0.22629457739170603,-12.685669938743144,1.1611228265064585e-23,0.10188938646802818,0.1,-0.985803992341398,17.49250245445346,0.13234076084751933,0.9536904520555369,Nikkei225,2,2025-07-30,unstable
0.2580091783662643,0.1903102650549355,0.2757383959227469,0.06687620896248671,0.26258607248225585,0.22646414067528284,-12.533221267564919,2.402954152164466e-23,0.09024575529635036,0.1,-0.9908322789219252,17.404392330010104,0.13234076084751933,1.0733628754308222,Nikkei225,3,2025-08-14,unstable
0.2580393878189056,0.17270601978443356,0.2981772699953392,0.04915578282825167,0.26258607248225585,0.2251676850047021,-12.755076428074169,8.373405295052772e-24,0.0613063090264205,0.1,-0.9675632444351606,17.349172351057632,0.13234076084751933,1.066840085017289,Nikkei225,4,2025-08-28,unstable
0.258086413278096,0.15859578388416368,0.3221271884553071,0.04968592339156113,0.26258607248225585,0.22536091616396964,-12.692235063745041,1.125639034179156e-23,0.07286140467330904,0.1,-0.9681039704574699,17.33213181491188,0.13234076084751933,0.9223192210310512,Nikkei225,5,2025-09-11,unstable
0.2577794922048691,0.13249506127033792,0.3504154839542189,0.05534772533692861,0.26258607248225585,0.22584593751950094,-12.707023781799768,1.0497210298473742e-23,0.10018829665460417,0.1,-0.9804739537241715,17.433886296330808,0.13234076084751933,0.9584953681747763,Nikkei225,6,2025-09-29,unstable
0.2596850804527506,0.20896035042193054,0.3730006353718123,0.056821695015313436,0.26258607248225585,0.22488450236767724,-12.616977500160521,1.6088959758454686e-23,0.20742065343489482,0.1,-0.9156226333904527,16.9729355837446,0.13234076084751933,1.0771267166189993,Nikkei225,7,2025-10-14,unstable
0.2625005818130288,0.28130246016692073,0.397398441415304,0.07262227369462274,0.26258607248225585,0.22563799045417307,-22.674773582659927,0.0,0.2603522870559157,0.1,-0.8917882903380147,16.221528845099257,0.13234076084751933,1.0642620534456293,Nikkei225,8,2025-10-28,unstable
0.26382267813978616,0.2731507621586442,0.4216079787742262,0.06343482746620556,0.26258607248225585,0.22572950568330255,-22.917016326069312,0.0,0.3074709132163103,0.1,-0.8783546692488327,15.834161882361194,0.13234076084751933,1.1364476910402697,Nikkei225,9,2025-11-12,unstable
0.2659592984256951,0.2674556857702249,0.4324971993572406,0.058520397873139916,0.26258607248225585,0.227395520142638,-22.824625689258294,0.0,0.21573019604119736,0.1,-0.8650335284133742,15.293305384184652,0.13234076084751933,1.2114517706373047,Nikkei225,10,2025-11-27,unstable
0.26559555642579474,0.2400577104875582,0.44310637512041734,0.07779388598665074,0.26258607248225585,0.22842620217245946,-22.908795318268528,0.0,0.1789207240281666,0.1,-0.8840962077059249,15.423786599189746,0.13234076084751933,1.0175627987458762,Nikkei225,11,2025-12-11,unstable
0.264936502895562,0.18266774550169237,0.44481033456427843,0.07199625737332206,0.26258607248225585,0.2277028367927288,-22.69823253739369,0.0,0.173031948144037,0.1,-0.8816075920714642,15.581083598842323,0.13234076084751933,0.9099037152323943,Nikkei225,12,2025-12-25,unstable
0.2672481441779323,0.2229864417116712,0.4440800645027275,0.08639469683557693,0.26258607248225585,0.22805576584652662,-22.404107727743906,0.0,0.2497830879537865,0.1,-0.8566751114691687,15.020862357728461,0.13234076084751933,0.9326493670317568,Nikkei225,13,2026-01-14,unstable
0.2678257247571178,0.21961578152928785,0.4429742991245452,0.08385296586015137,0.26258607248225585,0.22780689184535294,-22.401589808372023,0.0,0.22239708611096543,0.1,-0.8488478125549339,14.869117399825555,0.13234076084751933,1.0050039996963733,Nikkei225,14,2026-01-28,unstable
0.27141836237833167,0.24873079535109754,0.4420322342831069,0.10583801940665215,0.26258607248225585,0.22747547677301724,-22.208162398667618,0.0,0.3005160747781674,0.1,-0.7910950516603042,14.098260051325731,0.13234076084751933,1.2058092321869092,Nikkei225,15,2026-02-12,unstable
0.2718104272520718,0.2397234619188141,0.4431683514355349,0.09823474737739973,0.26258607248225585,0.2259399834985862,-22.252688373332703,0.0,0.4232791345703991,0.0671210626851728,-0.7696495122872268,13.987411612664278,0.13234076084751933,1.2673672654918866,Nikkei225,16,2026-02-27,unstable
0.27767394765005043,0.31959965839029325,0.4498694282505841,0.07855686289675681,0.22701878601940248,0.23344572409027828,-22.236401853314252,0.0,0.21648230621618977,0.1,-0.7947123912677841,12.888761137620886,0.13234076084751933,1.253747656242639,Nikkei225,17,2026-03-13,unstable
0.2541994741849511,0.3786719001985531,0.4671284092842124,0.11737754630914271,0.22701878601940248,0.17778173538634806,-23.102777683762746,0.0,0.0901573492587273,0.1,0.4477769813554471,7.0908513697121816,0.09736558781039584,1.2199646278223581,Nikkei225,18,2026-03-30,unstable
0.24789102614243394,0.39676202900319457,0.473265639835212,0.09938372369599802,0.22701878601940248,0.17862919338978459,-22.75914029996062,0.0,0.2005222431131663,0.1,0.05196028750476083,5.046618466733314,0.08735461629580676,1.134923508644881,Nikkei225,19,2026-04-13,unstable
0.2498422486240918,0.34038923102841323,0.4670317339206829,0.10785045537852574,0.22701878601940248,0.17824974564226262,-23.14052242146307,0.0,0.24642099836181228,0.1,0.04672203310017705,4.824755807846941,0.08735461629580676,1.1041132162972824,Nikkei225,20,2026-04-27,unstable
0.24949758154694793,0.25562503051863655,0.4659378427253408,0.1330897326914081,0.22701878601940248,0.17535601570003076,-22.977877660518214,0.0,0.20554302087391071,0.1,0.130784199032974,4.98100052375169,0.08735461629580676,1.230439339809265,Nikkei225,21,2026-05-15,unstable
0.24641733271516902,0.29194849186110267,0.4623802536301856,0.13184516026228157,0.22701878601940248,0.16799234209214478,-22.17112700888925,0.0,0.3033083852500999,0.1,0.24176189216476704,5.134304375619678,0.08735461629580676,1.328772472049143,Nikkei225,22,2026-05-29,unstable
0.2503810120908403,0.3086671918475163,0.4558771007396153,0.12238000971153101,0.22701878601940248,0.17071485175837273,-22.251447399145047,0.0,0.2550784154040094,0.1,0.21206769625255126,4.776333783343899,0.08735461629580676,1.288557304021875,Nikkei225,23,2026-06-12,unstable
0.2568701648641394,0.3740299993037501,0.45140200472403835,0.15813646186561203,0.22701878601940248,0.17350296220890307,-21.82807791100188,0.0,0.35201916658923377,0.09783656612533027,0.2390324705845601,4.383650422784069,0.08735461629580676,1.247200596248305,Nikkei225,24,2026-06-26,unstable
0.260315139041847,0.3789850193817366,0.44166340903839807,0.13150647862573936,0.22701878601940248,0.17880722347519545,-22.409098690812833,0.0,0.20604886562226074,0.1,0.18755809305873478,4.160453052524603,0.08735461629580676,1.1635391430250728,Nikkei225,25,2026-07-10,unstable
0.26595739105887295,0.3319875915779387,0.4139308335370142,0.11132517431172054,0.22701878601940248,0.1842608239140695,-22.43693158504387,0.0,0.14322224579439086,0.1,0.1452136106469718,3.7631891136481492,0.08735461629580676,1.1210155710451184,Nikkei225,26,2026-07-27,unstable
0.2710268844442037,0.3645799845430017,0.3650880647676501,0.10774914055578892,0.22701878601940248,0.18625344399610894,-22.373795941091746,0.0,0.15044482310435073,0.1,0.1483068949077911,3.466217414298171,0.08735461629580676,1.2577564921466886,Nikkei225,27,2026-08-10,unstable
0.19145087850996642,0.0922584793274736,0.3573173888714998,0.031669112567249635,0.15663639034643864,0.13800598521354623,-8.35074417167174,2.99946417264871e-13,0.056240419509622025,0.1,0.2901031071536881,12.97302616625429,0.08142005648937989,0.9275171930374938,CSI300,0,2025-07-01,unstable
0.19104213658628028,0.08846958189586031,0.3551047753958892,0.040612198635876694,0.15663639034643864,0.1390839124832388,-8.371072271231883,2.661358389676786e-13,0.0564185601898425,0.1,0.2758385761316598,13.09953173151036,0.08142005648937989,1.035872293084267,CSI300,1,2025-07-15,unstable
0.1908965078144606,0.06605115315108542,0.3575830897743608,0.058919699685208424,0.15663639034643864,0.1401604050006293,-8.398857783811223,2.2599001790764142e-13,0.05115515782695176,0.1,0.24889361785034808,13.135245160456304,0.08142005648937989,1.2663968277577526,CSI300,2,2025-07-29,unstable
0.19034129555299859,0.09895697885901229,0.36051450559451914,0.07061705490496875,0.15663639034643864,0.1405331169505086,-8.49211413442639,1.3049748439794602e-13,0.03409044773132369,0.1,0.23712912308966053,13.302693690393006,0.08142005648937989,1.343819797409245,CSI300,3,2025-08-12,unstable
0.1908297055646846,0.1370313847393214,0.36301397618247405,0.09258844369396034,0.15663639034643864,0.1410233255464135,-10.891051786297577,1.2248877829882538e-19,0.0806353811596575,0.1,0.2133747552939812,13.133462131724087,0.08142005648937989,1.3999261116322488,CSI300,4,2025-08-26,unstable
0.19259514868854513,0.18466512094225915,0.37112918091028885,0.10324555847132989,0.15663639034643864,0.14269691475423568,-8.337154148035015,3.249080705685306e-13,0.05623700102791074,0.1,0.18735099529785335,12.600484658603275,0.08142005648937989,1.6370319333595527,CSI300,5,2025-09-09,unstable
0.19118888841478093,0.18112871303301775,0.38238511960271854,0.10659752804971065,0.15663639034643864,0.1416709073614824,-8.248900366678013,5.458337861843119e-13,0.059793459693934535,0.1,0.20800577757649458,13.030317881033625,0.08142005648937989,1.559036207786,CSI300,6,2025-09-23,unstable
0.18998712600422185,0.165516920104661,0.40160305705562127,0.09791947382417227,0.15663639034643864,0.1413653985814611,-8.279773008774749,4.552796664428577e-13,0.07149272523158734,0.1,0.17795539325698065,13.307161453555036,0.08142005648937989,1.488705495342139,CSI300,7,2025-10-15,unstable
0.19036690946645585,0.18293300935202836,0.41089472277902683,0.09673068437618379,0.15663639034643864,0.14203169255133666,-8.339443086626392,3.205631707870461e-13,0.12464097705864471,0.1,0.16765937283714794,13.205102993867861,0.08142005648937989,1.4474213612937623,CSI300,8,2025-10-29,unstable
0.1910004871687755,0.16667770215045902,0.41476107979900373,0.09107658786248353,0.15663639034643864,0.1422567879799365,-8.389768155791913,2.384091217315068e-13,0.1042535719056575,0.1,0.16913894830639561,13.003782941679393,0.08142005648937989,1.303252581932723,CSI300,9,2025-11-12,unstable
0.1920610928243444,0.16001193286202794,0.4080385112457959,0.0760449883690354,0.15663639034643864,0.14325308321420033,-8.310650174489162,3.797082115142054e-13,0.06471439570026905,0.1,0.16026837610401926,12.706722455329157,0.08142005648937989,1.1872466968643738,CSI300,10,2025-11-26,unstable
0.19097072513866822,0.14598577241334632,0.39823161095956794,0.08614299334156002,0.15663639034643864,0.14410991083709476,-8.366784393614282,2.72935697168182e-13,0.07190638920772897,0.1,0.13730467865109394,13.037510764746486,0.08142005648937989,1.0055525827501617,CSI300,11,2025-12-10,unstable
0.1910554348983446,0.12160172843460748,0.38103717398704967,0.08001900936584021,0.15663639034643864,0.14391189461279857,-8.348707820059378,3.035610671061081e-13,0.08715158777779836,0.1,0.1452864793938499,13.015267537863348,0.08142005648937989,0.9443769060305243,CSI300,12,2025-12-24,unstable
0.1915942909235732,0.13890132750189071,0.35608153084161903,0.0874713061235485,0.15663639034643864,0.14406979912778856,-8.364828937221137,2.760940285997818e-13,0.09804823099521438,0.1,0.14306296783334713,12.849583330384364,0.08142005648937989,1.0347723558736528,CSI300,13,2026-01-09,unstable
0.19095629924219087,0.10630680045476762,0.3411051554766264,0.09186293810276974,0.15663639034643864,0.14441322748051705,-8.379536752548834,2.5320494379557056e-13,0.07069459551399733,0.1,0.14026010777335254,13.054643902317345,0.08142005648937989,1.331971278087329,CSI300,14,2026-01-23,unstable
0.19204799316806415,0.11685954706341015,0.3354675948869476,0.09306935170131574,0.15663639034643864,0.14598064976397998,-8.393800283027703,2.328181307673316e-13,0.0459290992882339,0.1,0.11710411184255756,12.722813222768838,0.08142005648937989,1.594581073252936,CSI300,15,2026-02-06,unstable
0.1925768448838896,0.14123990836167186,0.3321307037822722,0.1006460189542209,0.15663639034643864,0.1468273207360088,-8.404888619821419,2.1810863441389944e-13,0.04166901959991712,0.1,0.10375909637383228,12.558235300675038,0.08142005648937989,1.3843472746199101,CSI300,16,2026-03-02,unstable
0.19326760547580518,0.13763565617743176,0.3305083895417058,0.09280754823635567,0.15663639034643864,0.14678337553661186,-8.371297736841216,2.6578300454388e-13,0.04347531749936438,0.1,0.10638931367390864,12.350023558841647,0.08142005648937989,1.3077912889281817,CSI300,17,2026-03-16,unstable
0.19468545570862894,0.19027014251158164,0.33130712769211706,0.08296202453218376,0.15663639034643864,0.14981401416684687,-8.338162812804883,3.2298621139889866e-13,0.0650408331220792,0.1,0.06233510355212228,12.026376453883014,0.08142005648937989,1.3867534262150272,CSI300,18,2026-03-30,unstable
0.1971632330147544,0.2312824670531041,0.32423851275826565,0.10199079498165114,0.15663639034643864,0.1502070452491377,-8.33059223287444,3.3769245356083846e-13,0.08071326772710982,0.1,0.07798389572140166,11.425491282560372,0.08142005648937989,1.130462936188407,CSI300,19,2026-04-14,unstable
0.19725180343388593,0.17194298676399844,0.3123867002192983,0.11249932189287987,0.15663639034643864,0.15102448060201984,-8.393556259848916,2.3315274404656075e-13,0.08402048452396949,0.1,0.06140484667943237,11.39895462066795,0.08142005648937989,0.9874363095775273,CSI300,20,2026-04-28,unstable
0.19753089824620948,0.1295214805805409,0.3124727371615124,0.12917220300258822,0.15663639034643864,0.15171370234186263,-8.495506080008452,1.2791580098718874e-13,0.12095413704990175,0.1,0.036536993900472145,11.319409318227427,0.08142005648937989,1.1136667365834656,CSI300,21,2026-05-15,unstable
0.1899826136459585,0.15770846528579258,0.41799131400134426,0.09177278922254406,0.15663639034643864,0.1508508179881457,-18.819737441593684,2.022214851952482e-30,0.059193560308749914,0.1,-0.18341466491654734,12.631899541786234,0.08142005648937989,1.2494496297616617,CSI300,22,2026-05-29,unstable
0.1593456708599142,0.18159373811894453,0.4280416332970298,0.06450470559876546,0.13417763651486608,0.12621063882608918,-15.673604232004314,1.502258808964844e-28,0.08419462258711462,0.1,-1.0402040416307137,7.39981459507467,0.07305952387638648,1.3144220749249371,CSI300,23,2026-06-12,stable
0.22467324677697023,0.10785997402254427,0.3138191416727217,0.060610722687025095,0.23444118077275203,0.20814554293882484,-12.433804358376676,3.8873010698046396e-23,0.06149420477141268,0.1,-1.4177748770370744,16.982204711041035,0.11449093043072267,0.5229778606339117,TOPIX,0,2025-07-01,unstable
0.22507822111336687,0.12294774699398658,0.2969437738304784,0.044335468493261025,0.23444118077275203,0.20743916601743423,-12.45674475938564,3.477306186596601e-23,0.05676570400196448,0.1,-1.3902535217849952,16.791632317908483,0.11449093043072267,0.7243149175304295,TOPIX,1,2025-07-15,unstable
0.2257485802448681,0.17154679266656747,0.2796741445717367,0.06045045023938278,0.23444118077275203,0.20824184638962376,-12.48873069450436,2.9781867797765255e-23,0.07742905845993638,0.1,-1.3771432695192825,16.66733277052015,0.11449093043072267,0.7976661994508197,TOPIX,2,2025-07-30,unstable
0.2257326946369863,0.16451888137256762,0.26134263097010385,0.07760577962384849,0.23444118077275203,0.20979553013351754,-12.417053805822276,4.217626776377287e-23,0.07542928499402249,0.1,-1.4020564183382787,16.724241779568114,0.11449093043072267,0.6906440735802286,TOPIX,3,2025-08-14,unstable
0.22570019469890118,0.1296193769779177,0.2629968010880048,0.05951541447593537,0.23444118077275203,0.20713514323828305,-12.564722547284656,2.065516483909845e-23,0.047067676672253256,0.1,-1.3719592824365727,16.66828382269617,0.11449093043072267,0.6205018582616607,TOPIX,4,2025-08-28,unstable
0.22601030095806726,0.12441614492330227,0.2736880122177613,0.06102166071737662,0.23444118077275203,0.20679046112218613,-12.529409791894274,2.4474424495098586e-23,0.055001124733943835,0.1,-1.3697540510622968,16.5637139157197,0.11449093043072267,0.5740259162660587,TOPIX,5,2025-09-11,unstable
0.2254208740190766,0.1018484636258687,0.2846777689553318,0.06231603121852394,0.23444118077275203,0.206985366059702,-12.546905859822381,2.2499290255349116e-23,0.06168541043701494,0.1,-1.380413116221193,16.765766658096354,0.11449093043072267,0.7124542326711989,TOPIX,6,2025-09-29,unstable
0.2264639947176951,0.16225889027647195,0.2962353510149298,0.054514892405369345,0.23444118077275203,0.2063190566494517,-12.552816245174316,2.1869557732493494e-23,0.08308511633638106,0.1,-1.3368599145505673,16.42728761675969,0.11449093043072267,0.9197849788362137,TOPIX,7,2025-10-14,unstable
0.22778402043801918,0.20771559960155167,0.3111595406853229,0.06718334526886763,0.23444118077275203,0.20593830646874187,-12.53997145551058,2.3261839657952758e-23,0.11599215350454276,0.1,-1.3181094008220526,16.038109761451278,0.11449093043072267,0.9554621997326197,TOPIX,8,2025-10-28,unstable
0.2274005924741401,0.17289353994707946,0.32591409897380247,0.05484090097777261,0.23444118077275203,0.20480389749202318,-12.684761776612637,1.1661208072504051e-23,0.14707816478704613,0.1,-1.3102334714624309,16.117999740091236,0.11449093043072267,1.090077617201779,TOPIX,9,2025-11-12,unstable
0.2285773216423815,0.17827796073602448,0.3312850724542923,0.058609633164156266,0.23444118077275203,0.20558628734600512,-12.674243767652039,1.2256376323852392e-23,0.14693222353243743,0.1,-1.3012817790843505,15.78049832583553,0.11449093043072267,1.2057485707547329,TOPIX,10,2025-11-27,unstable
0.2278668877908709,0.17976108095795434,0.3367990833531103,0.07184019482945168,0.23444118077275203,0.20619837957763706,-12.756448603697114,8.319686188508392e-24,0.11579635738243543,0.1,-1.3204365447822708,16.045071015965533,0.11449093043072267,1.157060284222674,TOPIX,11,2025-12-11,unstable
0.227335074276938,0.15123796510552234,0.33331499553059574,0.06641072515294592,0.23444118077275203,0.2055351513163351,-12.878305903587352,4.717516833403935e-24,0.13834458363475635,0.1,-1.3269322067263003,16.19586859150092,0.11449093043072267,1.438819024181914,TOPIX,12,2025-12-25,unstable
0.22894373495965373,0.17319027663474612,0.32448327902789775,0.08243794542621982,0.23444118077275203,0.20576645073907063,-12.893443751029883,4.39906531314157e-24,0.20318859572762202,0.1,-1.3064497102141144,15.733632088376194,0.11449093043072267,1.3632751133782044,TOPIX,13,2026-01-14,unstable
0.22889907012433722,0.17729384291175943,0.31535011749482267,0.07704482243434012,0.23444118077275203,0.20621214145272163,-12.759763949760044,8.191347667444818e-24,0.17538308164378136,0.1,-1.315829964341619,15.732318538753177,0.11449093043072267,0.9193413322011683,TOPIX,14,2026-01-28,unstable
0.23078722540504798,0.19729980595131447,0.3090006293199071,0.1063151522346596,0.23444118077275203,0.2073726581533945,-12.545182670987032,2.268636155725011e-23,0.24248601571735037,0.1,-1.2883779923794973,15.26839355720979,0.11449093043072267,1.0052106655743187,TOPIX,15,2026-02-12,unstable
0.2311818483154773,0.19201336587309617,0.30858610273308784,0.09289566227802723,0.22840723498114224,0.206235220825124,-12.740247187986837,8.977157740933202e-24,0.3365333547546858,0.1,-1.2652179628056037,15.10414601439372,0.11449093043072267,1.1009288114101734,TOPIX,16,2026-02-27,unstable
0.2375346411011136,0.28736910741759036,0.3095187908239286,0.07668591201143984,0.20166494497606813,0.2136884038508755,-12.898176293318155,4.3041046800528835e-24,0.15181479725745003,0.1,-1.2492656119694017,13.526558777804038,0.11449093043072267,1.4751967152561654,TOPIX,17,2026-03-13,unstable
0.21514197763869444,0.34965178586300577,0.3334325040546787,0.12860684446512274,0.177097445949251,0.16197620651734598,-22.429757715370627,0.0,0.07030002579495225,0.1,0.025400209977965455,7.288579477442651,0.08072156302993427,1.6157976957513998,TOPIX,18,2026-03-30,unstable
2.635033251737073,12.025800994802793,-0.01931233110249382,0.06571599094071355,0.910094410939462,2.7457251330766144,-1.239484494582161,0.6563841457024164,0.5000000000000151,0.04166666666666327,0.25543657816075466,194.065783051679,2.349398842185513,1.775895085059078,TOPIX,19,2026-04-13,unstable
2.635070486069089,12.023906156774443,-0.0689813938271242,0.06028573748007253,0.910094410939462,2.723039888739824,-7.875698703329786,4.850855076387839e-12,0.49999999999999417,0.04166666666666798,0.2567740476885,194.05510575146516,2.349398842185513,1.5182447315651362,TOPIX,20,2026-04-27,unstable
2.634951778182041,0.1710498971725213,-0.0912532005351856,0.07895794224586751,0.910094410939462,2.761084096235712,-8.081998112623673,1.4530210394332986e-12,0.49999999999996203,0.04166666666667522,0.2519887440961723,194.08896355535583,2.349398842185513,0.8253416522072241,TOPIX,21,2026-05-15,unstable
2.634679903276842,0.1833460716144443,-0.09764575735973693,0.07247958493289049,0.910094410939462,2.738098214818345,-8.082518830888446,1.4485961929313226e-12,0.4999999999999838,0.04166666666667032,0.2543038516805957,194.1710728638717,2.349398842185513,0.8305816311117952,TOPIX,22,2026-05-29,unstable
2.634774818732594,0.1798251369716588,-0.09253027892347786,0.06722727750720892,0.910094410939462,2.723015278406829,-8.081142073181814,1.4603245960163731e-12,0.5000000000000209,0.04166666666666197,0.25521077125823893,194.14298390687364,2.349398842185513,1.0195758083141515,TOPIX,23,2026-06-12,unstable
2.6349530547748135,0.22987784426519436,-0.07733099912561106,0.07877771485292773,0.910094410939462,2.745654277905531,-8.081463706016434,1.457576208744012e-12,0.5000000000000279,0.04166666666666039,0.2523072274799773,194.08868496481105,2.349398842185513,1.2094354074149702,TOPIX,24,2026-06-26,unstable
2.6349709545230824,0.21400069124364848,-0.055162315546904074,0.07179519466489086,0.910094410939462,2.753083224721154,-8.079671499662227,1.4729567376360094e-12,0.49999999999997524,0.04166666666667224,0.2538298690927972,194.08384885217185,2.349398842185513,1.0788260214892038,TOPIX,25,2026-07-10,unstable
2.6351578169270975,0.20252348374675042,-0.027819634427491014,0.06867634083367233,0.910094410939462,2.7606642239660455,-8.07364945343634,1.525831785938007e-12,0.49999999999999817,0.04166666666666708,0.254291947355653,194.02813471527546,2.349398842185513,0.9712454752782179,TOPIX,26,2026-07-27,unstable
2.635333924462103,0.22930261615628433,0.004941562712211151,0.07025718309914199,0.910094410939462,2.7683318796272793,-8.588625215264845,7.389427738913386e-14,0.49999999999998307,0.04166666666667048,0.2537890140313618,193.9753261695009,2.349398842185513,0.9903181725448649,TOPIX,27,2026-08-10,unstable
0.15257869096966856,0.13498170831017983,0.5043405347936714,0.06549106628893724,0.16710040276639476,0.09869033131164238,-19.95632049850424,0.0,0.05986408270325453,0.1,0.0881465232650308,2.6359000298398767,0.046167795906669085,1.075126949177176,KO,0,2025-07-01,medium
0.1537589786154505,0.1342585124680184,0.5034566790839755,0.05541063068369578,0.16710040276639476,0.09793837822244611,-19.94250875572542,0.0,0.07121112037437109,0.1,0.09932049632527463,2.4884438320740685,0.046167795906669085,1.174261474971172,KO,1,2025-07-16,medium
0.15408693908800639,0.15371908687593902,0.5065987668215506,0.05918419453902124,0.16710040276639476,0.09679714456447003,-20.126314245673143,0.0,0.08721937821357326,0.1,0.13967468461912694,2.4503829330665194,0.046167795906669085,1.0963335474237494,KO,2,2025-07-30,medium
0.1548062768988883,0.15655049368105486,0.5087577882362428,0.054549200142316984,0.16710040276639476,0.09672138379503187,-20.329800758005764,0.0,0.05989265992517492,0.1,0.14637104078044347,2.3669852612820215,0.046167795906669085,0.9547545148845595,KO,3,2025-08-13,medium
0.156269448953138,0.1487789963954163,0.5106675743609059,0.044971168756211766,0.16710040276639476,0.09745835083919037,-20.226723161865692,0.0,0.08248916404446521,0.1,0.1428636600653837,2.220604928174077,0.046167795906669085,0.8463173265261911,KO,4,2025-08-27,medium
0.15478890498115772,0.12920128278046414,0.514753379020773,0.04021230403705688,0.16710040276639476,0.09722359059268175,-20.00938802840908,0.0,0.10090898782902559,0.1,0.1296989469320733,2.3122356449136108,0.046167795906669085,1.0689690945652526,KO,5,2025-09-11,medium
0.1546501361487201,0.10635404953295147,0.519986920235464,0.026448025980304744,0.16710040276639476,0.09669769448246958,-20.09165404936346,0.0,0.11676331097037214,0.1,0.1302609359527266,2.2909096683663153,0.046167795906669085,1.2126518559888197,KO,6,2025-09-25,medium
0.15536882244940517,0.12226738058341291,0.5271257051698163,0.032934007785395854,0.16710040276639476,0.09679456872200719,-20.255874052922785,0.0,0.16065252486954995,0.1,0.11207430650277739,2.2006598565051707,0.046167795906669085,1.0433335817943161,KO,7,2025-10-09,medium
0.15840582416238663,0.1832642511186201,0.5241146065092271,0.049693736866246896,0.16710040276639476,0.09660194968872744,-20.473881031166293,0.0,0.07425702196087358,0.1,0.23272532688912295,2.420374394456273,0.046167795906669085,1.0190498617040897,KO,8,2025-10-23,medium
0.16020547113108885,0.2092318910879108,0.5202050096639604,0.04487650094642537,0.16710040276639476,0.09957230623865541,-20.701003914847433,0.0,0.13179735816893048,0.1,0.18318027177861695,2.3159602228548897,0.046167795906669085,1.036033629260468,KO,9,2025-11-06,medium
0.16081196936068828,0.16897859023983067,0.511144870362896,0.0590856317356369,0.16710040276639476,0.09945218333416574,-20.80169231141829,0.0,0.11771887611421107,0.1,0.1894607223564632,2.269617273276257,0.046167795906669085,0.9737195872107008,KO,10,2025-11-20,medium
0.16183779450780306,0.1672890249699588,0.49849831900029673,0.04056773466667377,0.16710040276639476,0.09989998024503736,-20.69284689843008,0.0,0.07200926004116086,0.1,0.20690976575391704,2.213130239486656,0.046167795906669085,1.093471752341663,KO,11,2025-12-05,medium
0.16321059384519537,0.16727699814569144,0.4863600735201527,0.03330180403433315,0.16710040276639476,0.09957712507434716,-20.85076602317088,0.0,0.060875782222483944,0.1,0.2249798371201317,2.096050540013997,0.046167795906669085,1.1683788609258687,KO,12,2025-12-19,medium
0.16310425600782744,0.13246245128125486,0.47414314006231667,0.023691315405547794,0.16710040276639476,0.0997214312335189,-20.723758954654752,0.0,0.091327966432069,0.1,0.23047828266899872,2.1173857805336906,0.046167795906669085,0.9798389134911418,KO,13,2026-01-06,medium
0.16530000567693534,0.1685713661511827,0.4616869569580401,0.0427867240081241,0.16710040276639476,0.10032439430576705,-20.531940703209575,0.0,0.06719076592416454,0.1,0.2338410293280081,1.9735823137752124,0.046167795906669085,1.0050153900330705,KO,14,2026-01-21,medium
0.16659784874319966,0.1698821333596701,0.4541731253658653,0.06225130005584465,0.16710040276639476,0.10062710786687351,-20.505001639608903,0.0,0.08950847580234887,0.1,0.21463819648550791,1.8521104819889276,0.046167795906669085,1.181590367544477,KO,15,2026-02-04,medium
0.16817866852680033,0.17004295667277955,0.45636913321249234,0.06841065279987787,0.16710040276639476,0.10107771689874566,-20.630324299357714,0.0,0.12268072806965763,0.1,0.21482033267848774,1.7376307830536426,0.046167795906669085,1.2384585872844291,KO,16,2026-02-19,medium
0.16875131436142282,0.18185858300785843,0.4700061002762981,0.04636468667317309,0.16710040276639476,0.10120355092475931,-20.396060827010224,0.0,0.12074991644735333,0.1,0.22803187880558204,1.7053284038596326,0.046167795906669085,1.2135727289188354,KO,17,2026-03-05,medium
0.16772272596289184,0.1543355215557929,0.4664154590517004,0.033648477057152695,0.16710040276639476,0.10149657473036583,-20.075269892431706,0.0,0.09236639108197385,0.1,0.22699180814676664,1.7996589378212686,0.046167795906669085,1.0206997826927013,KO,18,2026-03-19,medium
0.16791965871971964,0.13270026392696402,0.45303052974801594,0.020422735763424908,0.16710040276639476,0.10073005435087475,-20.282017905503153,0.0,0.14136270548654759,0.1,0.24832158966368723,1.7862664041127525,0.046167795906669085,0.9771348059667604,KO,19,2026-04-02,medium
0.16896045504311175,0.15456348378372906,0.42432203982357153,0.018052128340203893,0.15658803522558193,0.10021818038033421,-20.322946166351283,0.0,0.11651597810245545,0.1,0.25827758594264955,1.690988566873946,0.046167795906669085,0.8971578870257316,KO,20,2026-04-17,medium
0.17224067201436508,0.2179235834823521,0.39260371008471295,0.031591713788081704,0.15377120989710616,0.10023056692659879,-20.362298006008498,0.0,0.16385356527916337,0.1,0.33348884290543335,1.7317555302334933,0.046167795906669085,0.8296927448167215,KO,21,2026-05-01,medium
0.1722579593045596,0.1901795875849944,0.37454166982870885,0.0469127232277528,0.13830237159897601,0.10028021588273538,-20.426715632790224,0.0,0.14377747694023504,0.1,0.32104868665257186,1.716169340153015,0.046167795906669085,0.8518416860423925,KO,22,2026-05-15,medium
0.17245209706592554,0.14707749181969795,0.37774368014710596,0.047016587281848016,0.11136675489853061,0.09980349138713168,-20.46421252042187,0.0,0.08571045694210594,0.1,0.3244035199146008,1.6852788898162574,0.046167795906669085,0.8768933911687687,KO,23,2026-06-01,medium
0.17584120613829182,0.23822096769532305,0.37769347018215094,0.079156571664119,0.11136675489853061,0.09993669506210523,-20.753662348206515,0.0,0.0629329396400916,0.1,0.37046576668040104,1.6110535821509187,0.046167795906669085,0.9680295798700431,KO,24,2026-06-15,unstable
0.17742802207418515,0.24578156896931602,0.3717101570661424,0.0811927018507679,0.11136675489853061,0.10073828527570826,-20.799777581807348,0.0,0.053344497787397124,0.1,0.3717244740462915,1.5507316450601651,0.046167795906669085,1.2030101091992906,KO,25,2026-06-30,unstable
0.18009407969798005,0.22406880942744017,0.36870775418084145,0.08120520216159008,0.11136675489853061,0.10019584838541123,-21.010208314959748,0.0,0.04777068549574768,0.1,0.4136368311117137,1.4812184808677555,0.046167795906669085,1.192895764895007,KO,26,2026-07-15,unstable
0.18825416497617778,0.3249645293510564,0.35744304900256235,0.0998993871024594,0.11136675489853061,0.10731212396691717,-20.583291121420455,0.0,0.07914618944660291,0.1,0.425194712408524,1.867203266210896,0.048750479484666265,1.0325473146326745,KO,27,2026-07-29,unstable
0.18811003280203714,0.28396316688286094,0.3462853777230276,0.0988714694567196,0.11136675489853061,0.10696171058214442,-20.758813939595825,0.0,0.06730176820491623,0.1,0.42652977162233874,1.8739090843684503,0.048750479484666265,1.0433021783315326,KO,28,2026-08-12,unstable
0.40021306689176894,0.23816809843359288,0.5210105952006877,0.06500397062437678,0.28144478116207866,0.25583988217172593,-4.827291176028755,4.8211797718395656e-05,0.09977964588010493,0.1,0.3939334531807122,2.337184844292975,0.11461585743295721,1.1403494262429539,BTC,0,2025-07-01,stable
0.4017130145328462,0.2739327788427563,0.5151091232766396,0.07665905197612548,0.28144478116207866,0.2561678993238597,-20.844231954916097,0.0,0.11966975944909505,0.1,0.3839421125246782,2.266687947246103,0.11461585743295721,1.1392264177889697,BTC,1,2025-07-11,stable
0.40050342465251776,0.23623739932568488,0.5094789554078462,0.08561499606159582,0.28144478116207866,0.25666353075026777,-20.8424077520352,0.0,0.0852996883650478,0.1,0.374695509541782,2.310016236057284,0.11461585743295721,1.4714372646494949,BTC,2,2025-07-21,stable
0.39788814761382013,0.1584579023480956,0.5088606916528697,0.09647578487440132,0.28144478116207866,0.2562625993253875,-20.829924327850346,0.0,0.0626543401969543,0.1,0.37396742351292245,2.3974824849544287,0.11461585743295721,1.6501040373237403,BTC,3,2025-07-31,stable
0.3940100993105461,0.18834411496660206,0.5098478963154195,0.09835211076328687,0.28144478116207866,0.25229248829155915,-20.977820715322895,0.0,0.07023509435269569,0.1,0.4042399034570472,2.5293848779316352,0.11461585743295721,1.411076602761442,BTC,4,2025-08-10,stable
0.3911365417718865,0.2775734948238474,0.5168854160766693,0.0799054801599999,0.28144478116207866,0.25126983648815954,-21.0636034726627,0.0,0.07342628046983218,0.1,0.40854786093901435,2.608372290801868,0.11461585743295721,1.4098540359334826,BTC,5,2025-08-20,stable
0.39212064323238627,0.34539653138857007,0.5165997783555203,0.06650317815664669,0.28144478116207866,0.25153327785513724,-21.24874009170867,0.0,0.08535910467234063,0.1,0.4107280093186245,2.5746916232704757,0.11461585743295721,1.482199953267622,BTC,6,2025-08-30,stable
0.38173909819270685,0.2765897717084987,0.531621121282416,0.09672045285953268,0.28144478116207866,0.23825306488348225,-21.595661846632023,0.0,0.1811504735640659,0.1,0.5066889437849122,2.7549995832030403,0.11461585743295721,1.2403845196777488,BTC,7,2025-09-09,stable
0.3670396405250631,0.13155012325230797,0.5359424183097379,0.10081002558980576,0.28144478116207866,0.23839930944226323,-21.17186622868212,0.0,0.13491829418960546,0.1,0.3000385618373541,2.2616985531407394,0.09734014312496164,1.0172098703616343,BTC,8,2025-09-19,stable
0.36448230026679923,0.22330744566258517,0.5381434895962589,0.08050858301872284,0.28144478116207866,0.23921635272411335,-21.006621397619966,0.0,0.11147593362651229,0.1,0.2926605172800909,2.3398842439740895,0.09734014312496164,0.9413912272922188,BTC,9,2025-09-29,stable
0.36147895669239216,0.2888418719178804,0.5307045778219162,0.10890413286038073,0.28144478116207866,0.2366215133338975,-21.012294255701246,0.0,0.14780571880568408,0.1,0.2922012121522102,2.39751747648557,0.09734014312496164,1.114600415696983,BTC,10,2025-10-09,stable
0.36424603077721174,0.4070378261036231,0.5053257652103345,0.07672478875565557,0.28144478116207866,0.24137351424335693,-20.85756520815366,0.0,0.22295877081239013,0.1,0.25556933644988267,2.477654595716552,0.09734014312496164,1.5213293139633253,BTC,11,2025-10-19,stable
0.36366152974803645,0.37981185596690464,0.48435530186545445,0.07833203329956369,0.28144478116207866,0.24113796950688013,-20.892015030542282,0.0,0.1528128470536259,0.1,0.2556480183029969,2.50463315295705,0.09734014312496164,1.4215575694158942,BTC,12,2025-10-29,stable
0.36513210400814045,0.3363613190314219,0.462546797829783,0.06519790110603084,0.28144478116207866,0.2423068912620765,-20.978021205055242,0.0,0.28099781311818833,0.1,0.24706133358657417,2.4541456872010414,0.09734014312496164,1.1873616254734354,BTC,13,2025-11-08,stable
0.3665456194009001,0.36956684546501173,0.43387736122311554,0.04039720238778945,0.28144478116207866,0.244315788151315,-20.94482810241803,0.0,0.35176232433307364,0.0979472739943648,0.23001311315868614,2.4226961147397716,0.09734014312496164,1.2958281666645677,BTC,14,2025-11-18,stable
0.37001178153042447,0.3866278159100641,0.4164458692493653,0.03532323518169703,0.3214698048461442,0.2466440254835685,-20.69171291653002,0.0,0.3253453797958252,0.1,0.21232157656279577,2.315283416043175,0.09734014312496164,1.3615290692842812,BTC,15,2025-11-28,stable
0.3726199617596248,0.4188945517848285,0.424063397701082,0.032793651350402124,0.3214698048461442,0.24913599950186857,-20.92746526810627,0.0,0.35285251011275515,0.09747736633070898,0.21614992131154437,2.267429645747579,0.09734014312496164,1.2207402081956606,BTC,16,2025-12-08,stable
0.3570616144812222,0.3618994936275956,0.46767914473965067,0.006850810184373255,0.3214698048461442,0.24765414675932496,-21.58444666813873,0.0,0.1903197539895037,0.1,-0.022350106814383618,1.798502227758652,0.09121501495686424,1.0573500402809959,BTC,17,2025-12-18,stable
0.35252046932049846,0.22983132354547214,0.49071845443816325,0.015693856423859398,0.3214698048461442,0.2471509817228415,-21.54752930990799,0.0,0.14216784296760576,0.1,-0.02622035569698323,1.962921571075018,0.09121501495686424,0.825218178294103,BTC,18,2025-12-28,stable
0.3491756448135033,0.1810632579582581,0.5030155154496426,0.003612028774224087,0.3214698048461442,0.24542025662059846,-21.54208260512069,0.0,0.10217109053506382,0.1,-0.03608226437559347,2.0526660991911774,0.09121501495686424,0.6217489439375623,BTC,19,2026-01-07,stable
0.34614081334194147,0.24350995386237748,0.5065545715173067,0.009580094290214867,0.3214698048461442,0.24470944574945291,-21.13391383127644,0.0,0.08829699115225004,0.1,-0.029771369272851147,2.1837454458165624,0.09121501495686424,0.7106657982808144,BTC,20,2026-01-17,stable
0.3444687825506053,0.3048503226272987,0.5097174098559852,0.010427059234267592,0.3214698048461442,0.24193597722216126,-21.46445896190823,0.0,0.13805862188673657,0.1,-0.006282704273415696,2.1960140298087074,0.09121501495686424,0.7267052956695033,BTC,21,2026-01-27,stable
0.3704510324670309,0.6264549993765833,0.48968520621957295,0.054353230964110766,0.497388172985468,0.29409683847539886,-19.53681553904262,0.0,0.4432307826188196,0.05852121438843984,-0.7023333718029601,5.554186595201013,0.1523344080304465,0.9833594785320157,BTC,22,2026-02-06,stable
0.38042789651091397,0.8055611596963529,0.481643696144103,0.04076821207909378,0.497388172985468,0.2902280622812323,-22.27898239584414,0.0,0.35534804124302705,0.0964017063607642,-0.3548679567796029,6.194616249696185,0.1523344080304465,1.1362466988061555,BTC,23,2026-02-16,stable
0.37951919991799066,0.5624795216288537,0.4894895134708862,0.05758166018570605,0.497388172985468,0.29032099465268935,-22.072469952779308,0.0,0.3024775294860451,0.1,-0.34164552475228127,6.307132394499302,0.1523344080304465,0.8514930254615231,BTC,24,2026-02-26,stable
0.38587232479898664,0.46385197270767553,0.49530001487168995,0.0533658324262027,0.497388172985468,0.2902817123713764,-22.501885583611486,0.0,0.30997563676480794,0.1,-0.28217734974642494,5.878954896632047,0.1523344080304465,0.7992005035224158,BTC,25,2026-03-08,stable
0.3857237427885041,0.4147138093239553,0.498804313619305,0.035063709878506044,0.497388172985468,0.2910349614460343,-22.1459235781631,0.0,0.23346047384817611,0.1,-0.30846184405289195,5.902134993547861,0.1523344080304465,0.8771472722297494,BTC,26,2026-03-18,stable
0.39001336397418646,0.3826644730603749,0.5087924196843341,0.04746478394919718,0.497388172985468,0.2914743229522427,-21.8760939580398,0.0,0.31855271553063175,0.1,-0.2764409680472793,5.564502087656125,0.1523344080304465,0.8051286486408955,BTC,27,2026-03-28,stable
0.3723303544527338,0.34057156889583007,0.5199149473406113,0.02856423361197348,0.497388172985468,0.2758575547931999,-21.607087356747684,0.0,0.3937260199833297,0.07985947414511652,-0.31803649457991345,6.079445585560514,0.1523344080304465,0.6774581537844409,BTC,28,2026-04-07,stable
0.36726274270738335,0.3056775285835483,0.5108923567323983,0.010007808725396338,0.497388172985468,0.2709593750270422,-22.011586094348576,0.0,0.37211436413259324,0.08917484304629601,-0.30550585395628416,6.425494203150187,0.1523344080304465,0.6896607814983585,BTC,29,2026-04-17,stable
0.36458776431051093,0.33699929557623415,0.49362093250226907,0.01263559126678517,0.497388172985468,0.27104476893550133,-21.746457263549615,0.0,0.2781655097606072,0.1,-0.3304838971966819,6.6375716852977575,0.1523344080304465,0.7315254319527981,BTC,30,2026-04-27,stable
0.36268761174808706,0.24744630612181978,0.482514098188411,0.0018197782067805295,0.497388172985468,0.2706035198792234,-21.63527319400146,0.0,0.30966910127381014,0.1,-0.34921517684179554,6.826288482331778,0.1523344080304465,0.6806508146496223,BTC,31,2026-05-07,stable
0.35031366854979057,0.23269052355870576,0.4723696464834303,0.012626733500385463,0.497388172985468,0.2613083944356126,-20.933534132459073,0.0,0.2908602473305258,0.1,-0.4192831074269692,7.575140628276966,0.1523344080304465,0.6621501676889903,BTC,32,2026-05-17,stable
0.34638113521901664,0.22219838789383972,0.46490544604905554,0.03144742871747591,0.497388172985468,0.2607028890950566,-21.1491412778814,0.0,0.20065422785233789,0.1,-0.46951453345624333,7.8289322998531645,0.1523344080304465,0.5860097517966087,BTC,33,2026-05-27,stable
0.35398827050572895,0.33185409349489153,0.43663073896318044,0.06325750576051829,0.5116518489980539,0.2677370021863222,-20.428677479486986,0.0,0.26985908131730135,0.1,-0.46909653103884474,7.145088971826398,0.1523344080304465,0.6845900537971251,BTC,34,2026-06-06,stable
0.35280735848883427,0.41115830795218217,0.4119046658307573,0.06491930180133142,0.5120947570953596,0.26902490283325187,-20.498065434502436,0.0,0.1397539632778973,0.1,-0.5183840198807155,7.16360430248244,0.1523344080304465,0.7077204094115229,BTC,35,2026-06-16,stable
0.3530610769823465,0.30455262165903035,0.39960910185702875,0.0927089364165045,0.5212788455444667,0.26636223072537074,-20.443997331411577,0.0,0.12001192555005208,0.1,-0.48008541705150165,7.0845884575009315,0.1523344080304465,0.57278690742239,BTC,36,2026-06-26,stable
0.3531772750530238,0.2725260314709325,0.39119395259461565,0.07590540819448947,0.5305998300134692,0.2669084008330574,-20.392682171325404,0.0,0.10953966583145015,0.1,-0.4983759749378041,7.086869443181701,0.1523344080304465,0.5613129637278842,BTC,37,2026-07-06,stable
0.35270366987262586,0.2700569881921751,0.3812479131973799,0.08013742162076115,0.5305998300134692,0.26607181311619055,-20.558203380564326,0.0,0.08005440579649428,0.1,-0.49684238272666,7.1322286219111,0.1523344080304465,0.5612600175657294,BTC,38,2026-07-16,stable
0.3526591467672909,0.24952455511517982,0.3685525585709116,0.06959431756937007,0.5305998300134692,0.2663872836948735,-20.479535282521795,0.0,0.10600526464457123,0.1,-0.5092778316766596,7.147654302137475,0.1523344080304465,0.5265084268480864,BTC,39,2026-07-26,stable
0.35206105090800277,0.21634365390188584,0.3589663856537369,0.0771122161384667,0.5305998300134692,0.26766196762167077,-20.544151741402555,0.0,0.08037389062397202,0.1,-0.5272382653355197,7.1739080881717765,0.1523344080304465,0.48377419544292355,BTC,40,2026-08-05,stable
0.34888182848980154,0.18653990281806498,0.3534480886326664,0.10358047269011048,0.5305998300134692,0.2666268191203453,-20.6919318373783,0.0,0.050534458520733495,0.1,-0.5278733300514493,7.471520864603461,0.1523344080304465,0.44806101572020457,BTC,41,2026-08-15,stable
0.5453880322062998,0.24193448338465331,0.47174435804644266,0.09954560531513262,0.3688683518628119,0.3950449338820362,-11.97928257564552,3.7376624889190723e-22,0.19449588837839174,0.1,-0.16076488513568526,4.353694359740654,0.18594610472238404,0.5552850589763054,NVDA,0,2025-07-01,unstable
0.5450091571231335,0.27187686852984433,0.45588300617064004,0.11123120589889976,0.3688683518628119,0.3981223883093566,-11.995900425127793,3.4347011794374846e-22,0.23842383621093,0.1,-0.18155384825216261,4.380895843295189,0.18594610472238404,0.5504509397328136,NVDA,1,2025-07-16,unstable
0.5443000968601858,0.26611720776103853,0.4436688698259298,0.11222718272137477,0.3688683518628119,0.39834906042327295,-12.011259018105868,3.176948243466725e-22,0.22770010511565894,0.1,-0.17645598149982633,4.416363085792339,0.18594610472238404,0.4842743715439071,NVDA,2,2025-07-30,unstable
0.5427363762898446,0.24247093460523528,0.44009099003756785,0.1144915427727086,0.3688683518628119,0.3978240671817143,-12.05414988971507,2.5565675950996086e-22,0.2075445040118021,0.1,-0.1834667879388216,4.479697505062549,0.18594610472238404,0.47190939287421735,NVDA,3,2025-08-13,unstable
0.5421639639916843,0.24805784790085839,0.43892593140331,0.10564599676036161,0.3688683518628119,0.3958884981656615,-12.10199982351208,2.008389220775694e-22,0.15051122009362267,0.1,-0.16148073948438008,4.502995203699592,0.18594610472238404,0.5109071042224955,NVDA,4,2025-08-27,unstable
0.5408872541034953,0.283094348214848,0.43366791238837044,0.09351512156083087,0.3688683518628119,0.39468524306219754,-12.11879008790652,1.845801486904867e-22,0.10722623762120703,0.1,-0.1431842156252246,4.557858439836554,0.18594610472238404,0.5960192009640843,NVDA,5,2025-09-11,unstable
0.5401758313757079,0.33743214141085504,0.43004341322417877,0.09265592118467181,0.3688683518628119,0.39396389448044405,-12.088859024399207,2.1457708634544716e-22,0.1242768193820165,0.1,-0.1394276445872655,4.592127527638065,0.18594610472238404,0.6412248791945269,NVDA,6,2025-09-25,unstable
0.5254746874222537,0.2861456142583933,0.42813741963697854,0.08527213922914285,0.3688683518628119,0.3936618339718013,-12.089998133454358,2.133491783305685e-22,0.059747921390019595,0.1,-0.3419376948266451,4.401556107084612,0.18594610472238404,0.5913533332475763,NVDA,7,2025-10-09,unstable
0.522033444955184,0.32035806334627137,0.4255694466015662,0.07575919668136685,0.3688683518628119,0.3940302162794476,-12.022944554238865,2.9940987451122e-22,0.054374936796406925,0.1,-0.35765277915132,4.538136328022182,0.18594610472238404,0.615293860151049,NVDA,8,2025-10-23,unstable
0.5239175438075654,0.41979252655404325,0.42378161357964156,0.0895812608257583,0.3688683518628119,0.39536771301801016,-10.825806152126793,1.7582162158240397e-19,0.06520032216432994,0.1,-0.3741980062332077,4.457367290788934,0.18594610472238404,0.6791857571189497,NVDA,9,2025-11-06,unstable
0.5256246540675773,0.46675919847254554,0.418694297422682,0.08154684630102021,0.3688683518628119,0.3952923536326495,-11.001718608730965,6.65657216622238e-20,0.07424801028458682,0.1,-0.3602225896517522,4.376090147304069,0.18594610472238404,0.7405666633310084,NVDA,10,2025-11-20,unstable
0.5137861666780773,0.40710401013989694,0.41569635404530736,0.07818731462290071,0.3688683518628119,0.38246925407863536,-10.94763155954885,8.963246315444755e-20,0.07758595981976256,0.1,-0.3092129592592232,4.725799140278278,0.18594610472238404,0.8332137068541108,NVDA,11,2025-12-05,medium
0.5134551745670687,0.30649909131442465,0.42441896865945555,0.06335540287423358,0.3688683518628119,0.3812258159233254,-10.903962818507976,1.1405267341069542e-19,0.06447497254703688,0.1,-0.29121431889070915,4.732563330105134,0.18594610472238404,0.791200695732629,NVDA,12,2025-12-19,medium
0.505665600353041,0.29858274318976863,0.44061351890858086,0.0626057239641809,0.3688683518628119,0.3815861621631998,-10.988011764195742,7.17720232448546e-20,0.04467429680941115,0.1,-0.3527157055961863,5.019818898590591,0.18594610472238404,0.6612266501555935,NVDA,13,2026-01-06,medium
0.5030760841419455,0.28990562634088785,0.4437907724903094,0.03694992803016257,0.3688683518628119,0.3800494041693251,-10.9469774655416,8.995610182165046e-20,0.07298030130858613,0.1,-0.3329543867526032,5.138976598122829,0.18594610472238404,0.6686743695541377,NVDA,14,2026-01-21,medium
0.4968089786153343,0.29431165067646986,0.4469781130670416,0.04504098048980908,0.3688683518628119,0.3777308908399456,-10.909921524876546,1.1035974642237844e-19,0.05368121119743351,0.1,-0.3542945089552939,5.451041063573978,0.18594610472238404,0.7097544432477843,NVDA,15,2026-02-04,medium
0.4974403356722935,0.402286670373458,0.45626059147949555,0.049090206138415214,0.3688683518628119,0.37573136006099433,-11.267857811102603,1.5632590077065197e-20,0.05703964481965542,0.1,-0.32111126547949526,5.456441675027271,0.18594610472238404,0.735050204480842,NVDA,16,2026-02-19,medium
0.4892122341770792,0.45657721331957696,0.46443066668286215,0.06342515478420299,0.3688683518628119,0.36922341490155125,-11.692931276068945,1.6362843863966115e-21,0.06088113234014018,0.1,-0.311737144662003,5.860963045932042,0.18594610472238404,0.8535065687612999,NVDA,17,2026-03-05,medium
0.466569655860609,0.351901836905488,0.4763706383694902,0.05269890454895912,0.3688683518628119,0.35993943712362786,-12.180167124030723,1.357290700577096e-22,0.053443724827669715,0.1,-0.4685564159267886,6.733518433155574,0.18594610472238404,0.8695686015351516,NVDA,18,2026-03-19,stable
0.4659599716669904,0.3649578765905617,0.4866147322977468,0.038733740431152484,0.3688683518628119,0.35865736588132097,-12.415608561527957,4.247439241668815e-23,0.06528209344132131,0.1,-0.44963015886715113,6.771084409491339,0.18594610472238404,0.8209664298897562,NVDA,19,2026-04-02,stable
0.4505510856838946,0.36116965615847907,0.49368597134373726,0.06766592401633992,0.3688683518628119,0.34625889753689276,-12.10756965214216,1.9528959926856561e-22,0.06243555469665198,0.1,-0.4461820145932349,7.579592476756892,0.18594610472238404,0.7631973417863632,NVDA,20,2026-04-17,stable
0.45201745720828446,0.34589048027981056,0.48983476123846736,0.061985562173474236,0.3688683518628119,0.3469125044659515,-12.169898862408704,1.4287398511070843e-22,0.06274118102801822,0.1,-0.4398946258364703,7.458966108675391,0.18594610472238404,0.6994524877221674,NVDA,21,2026-05-01,stable
0.4526089481417037,0.40079325701344115,0.49071895634795903,0.0827600125044528,0.3688683518628119,0.34728897087742894,-12.104624104069277,1.9820455444826832e-22,0.11532737327341612,0.1,-0.43900755086728854,7.443832466031401,0.18594610472238404,0.7313626027698933,NVDA,22,2026-05-15,stable
0.45067719874960277,0.36464449915211083,0.48533546350983164,0.057213653170690014,0.3688683518628119,0.3429081659982407,-12.135421664780651,1.6979599307341827e-22,0.09370582724602024,0.1,-0.41063059494698806,7.58028474522569,0.18594610472238404,0.8037396847729869,NVDA,23,2026-06-01,stable
0.45514428444468935,0.4357292370982695,0.47725904447262363,0.04644310454300745,0.3688683518628119,0.3449544897375487,-12.204037774807786,1.2049400656030326e-22,0.09658893961688995,0.1,-0.3928497277009995,7.259418742167833,0.18594610472238404,0.8541223483830394,NVDA,24,2026-06-15,stable
0.4554495082137908,0.47267976788057936,0.4577448447331258,0.03782542376612596,0.3688683518628119,0.34464834217916257,-12.060409864579475,2.476956204026085e-22,0.0897744806156536,0.1,-0.3905203414533979,7.221948552819015,0.18594610472238404,0.7955499074364188,NVDA,25,2026-06-30,stable
0.4567290555999993,0.4025728956600532,0.43570090954289176,0.050612754965106165,0.3688683518628119,0.34353314668850893,-11.912955896479806,5.244271276815812e-22,0.08709699018543035,0.1,-0.3896814172000716,7.127417478849209,0.18594610472238404,0.720347624945867,NVDA,26,2026-07-15,stable
0.4572365247564123,0.39593511911653717,0.41383054566657757,0.049949920269778604,0.3688683518628119,0.3478632967212017,-12.022970287813552,2.9937081356260775e-22,0.0697095171612427,0.1,-0.4086626075596578,7.108659303244671,0.18594610472238404,0.6508096342921839,NVDA,27,2026-07-29,stable
0.4570213432524988,0.39433259095307965,0.3901349698399018,0.0506386588975339,0.3688683518628119,0.3484034514768382,-11.941289361481736,4.536742713328702e-22,0.08589666027990174,0.1,-0.41466183028469744,7.115567195447225,0.18594610472238404,0.6335876774671763,NVDA,28,2026-08-12,stable
0.16696314622859007,0.17737406021897695,0.3033005593318557,0.15085985947817598,0.0812038977169295,0.11188501181906114,-20.888365245871448,0.0,0.029333606468222254,0.1,-0.1882332737702166,0.7959731235186696,0.03633551284065817,1.237538924413549,GLD,0,2025-07-01,unstable
0.16577946070186536,0.133805098208228,0.30150455009068666,0.1482806469681658,0.0812038977169295,0.11033813558047309,-20.818340986021866,0.0,0.03326228311858112,0.1,-0.17103662232301214,0.831681575855443,0.03633551284065817,1.1298343983493218,GLD,1,2025-07-16,unstable
0.16509218076194238,0.12080136274825877,0.302863219434468,0.1449703595228621,0.0812038977169295,0.11006037451102618,-20.738320113293526,0.0,0.032891811886423955,0.1,-0.17760808892427615,0.854405982643029,0.03633551284065817,1.1105168727914787,GLD,2,2025-07-30,unstable
0.16654813658897136,0.15267885462673975,0.31106298513739933,0.14662899343239486,0.0812038977169295,0.11138521988357804,-20.730953288401615,0.0,0.03548238753536528,0.1,-0.1864593728517034,0.7848208315811127,0.03633551284065817,1.2472326312053381,GLD,3,2025-08-13,unstable
0.16638559333673925,0.13729826185567665,0.3207533335846464,0.1501493901882494,0.0812038977169295,0.11132095145585118,-20.80508406340027,0.0,0.03992572565348115,0.1,-0.1886673466880557,0.7968022992887618,0.03633551284065817,1.0397260542310882,GLD,4,2025-08-27,unstable
0.16737588689820607,0.12160670384156008,0.3127050242101126,0.1737467427637035,0.0812038977169295,0.11185255634165223,-20.562215938444474,0.0,0.032525042918586926,0.1,-0.2002528496769422,0.7694207494511502,0.03633551284065817,1.242684579735808,GLD,5,2025-09-11,unstable
0.16794373775420626,0.13346321195133917,0.3036713755126759,0.18110824589116276,0.0812038977169295,0.11125644316940661,-20.527735081930757,0.0,0.043255138198238424,0.1,-0.2046930893863198,0.7315910335049725,0.03633551284065817,1.610577701706693,GLD,6,2025-09-25,unstable
0.1684397934267494,0.12933695262747288,0.3064673079006614,0.19728897876894327,0.0812038977169295,0.1111631491468629,-20.541940810350365,0.0,0.12032853165249745,0.1,-0.21114243043823994,0.7027479812632276,0.03633551284065817,1.6527205163949297,GLD,7,2025-10-09,unstable
0.18202513069649992,0.3381916481020896,0.31622525448714145,0.18361612865040405,0.0812038977169295,0.1333357644049537,-21.70063470367384,0.0,0.10658848550626412,0.1,-0.606971376077734,3.149650612893291,0.06642712220281766,2.5906680555926904,GLD,8,2025-10-23,unstable
0.1841585895209823,0.3585072222472648,0.3198558416688292,0.15881262409502137,0.10127740838500264,0.13471593151694036,-21.77922582400556,0.0,0.08198378183885656,0.1,-0.5891157062733358,2.96670746968124,0.06642712220281766,2.451544325388818,GLD,9,2025-11-06,unstable
0.18461327797323976,0.21132460192071675,0.3208650610092694,0.1558795041748769,0.10127740838500264,0.13504549713911868,-21.30096422947753,0.0,0.12685196206206464,0.1,-0.5729792004197598,2.946514662794046,0.06642712220281766,1.3744366370433247,GLD,10,2025-11-20,unstable
0.18316014656890833,0.16306039092854752,0.3306090764325456,0.17486381701010317,0.10127740838500264,0.13377236881738186,-21.289943232066733,0.0,0.0868041009774937,0.1,-0.5769295718472197,3.078669377543612,0.06642712220281766,1.1251620517947063,GLD,11,2025-12-05,unstable
0.18222353091719265,0.09089955483446702,0.3467400085525418,0.17957073734358966,0.10127740838500264,0.13452492329329752,-21.22752371057858,0.0,0.12699866367578194,0.1,-0.5872639144495508,3.190817563896905,0.06642712220281766,1.017357050703914,GLD,12,2025-12-19,unstable
0.18592576977051534,0.22151136432150134,0.36230744060170833,0.18786900884277996,0.10127740838500264,0.1410534800695401,-11.538636474050408,3.680510805919993e-21,0.09125229678739294,0.1,-0.6693318000343661,3.3574187697088886,0.06642712220281766,1.1275815189676694,GLD,13,2026-01-06,unstable
0.18584912709218365,0.265666124999989,0.3734894212115626,0.2103234101178163,0.10127740838500264,0.13676193734483158,-11.477895061061245,5.078008375017754e-21,0.1469337383860506,0.1,-0.5515537331228879,3.341681224562363,0.06642712220281766,1.371778879570038,GLD,14,2026-01-21,unstable
0.21633464439058858,0.5380819399338943,0.35380844949278734,0.2001341309930657,0.13867713220425473,0.18926892746557666,-13.248516290227666,8.873010473253545e-25,0.15455785747587653,0.1,-1.4904858710576179,12.586666388628794,0.10841233744964729,2.597641461307118,GLD,15,2026-02-04,unstable
0.22330591887967027,0.5866415676428928,0.35237649586203973,0.18056984218847805,0.13867713220425473,0.19360792121797799,-15.598248426302318,1.8431567062119515e-28,0.18604405594184648,0.1,-1.390214149710032,11.005940395657554,0.10841233744964729,2.4719698709708178,GLD,16,2026-02-19,unstable
0.22721200370432554,0.35741240017010417,0.35884675073816774,0.18740320368050026,0.13867713220425473,0.19975237646534832,-13.261032056433955,8.397679518571145e-25,0.14730870418895634,0.1,-1.4111050153737241,10.442362169984618,0.10841233744964729,1.2696195254555165,GLD,17,2026-03-05,unstable
0.22905894615500072,0.2808204519953469,0.3532442445086458,0.15880740906950214,0.13867713220425473,0.20069492928908148,-13.070173811410987,1.9645051513067122e-24,0.07010641268932005,0.1,-1.3824621734912228,10.01868543721424,0.10841233744964729,1.1147490976378507,GLD,18,2026-03-19,unstable
0.23949746326646085,0.3702833603163184,0.291756429431028,0.14055486350970597,0.19209514099718203,0.20864145454473748,-20.020882117996297,0.0,0.04656973645352867,0.1,-1.2615842312215748,8.391566431302085,0.10841233744964729,1.3049426551686008,GLD,19,2026-04-02,unstable
0.24063472803730637,0.35825938450857414,0.27816696824334386,0.14037540004426757,0.19209514099718203,0.20866380475083965,-20.148597217028094,0.0,0.04150257428436219,0.1,-1.2487522401049058,8.204100920939158,0.10841233744964729,1.1537455862675683,GLD,20,2026-04-17,unstable
0.24235104685446288,0.2081543485278221,0.2767436746614984,0.11733325559965482,0.19209514099718203,0.20792526503551395,-20.17011177624126,0.0,0.06698286795425391,0.1,-1.2077990799200948,7.859594471078431,0.10841233744964729,0.602524804086508,GLD,21,2026-05-01,unstable
0.2437479697340376,0.21806144856603943,0.2899402162128676,0.12085172336606953,0.19209514099718203,0.20901595988498833,-20.150901395190072,0.0,0.06350374209814781,0.1,-1.1907277301533112,7.6731165346528485,0.10841233744964729,0.5403144436181719,GLD,22,2026-05-15,unstable
0.24510935639186557,0.1994479383236763,0.327152784968322,0.10620628554332519,0.19209514099718203,0.20805817887907818,-20.139100966557272,0.0,0.08866349623433971,0.1,-1.1550013819824612,7.412949233328401,0.10841233744964729,0.5079347514699033,GLD,23,2026-06-01,unstable
0.24956757829833398,0.27684023244522443,0.3845842604110397,0.08748913943943178,0.2446461157842713,0.2110858106561674,-20.29560855589809,0.0,0.18864769435098466,0.1,-1.1243825152638962,6.8792378971422075,0.10841233744964729,0.6142931255341672,GLD,24,2026-06-15,unstable
0.25150144827356685,0.30406081361978504,0.43884228703994443,0.07557061763195401,0.262109260069647,0.21200439619392,-20.258588039530434,0.0,0.29506673665421257,0.1,-1.099027576671812,6.604051768868544,0.10841233744964729,0.7069728955424467,GLD,25,2026-06-30,unstable
0.25197083255180136,0.24827308067578172,0.4822625744580283,0.07784474521241874,0.262109260069647,0.2110481366991958,-20.191712460004148,0.0,0.3130158808195549,0.1,-1.0913654541566047,6.5377145123394875,0.10841233744964729,0.6192048228262951,GLD,26,2026-07-15,unstable
0.2526388284171469,0.21334289175102422,0.514909120883119,0.07729511600930267,0.2640451785702967,0.21142014338532086,-20.339153941043296,0.0,0.3830191378436953,0.08447450955013135,-1.087199030680329,6.452737711933725,0.10841233744964729,0.5237080742735528,GLD,27,2026-07-29,unstable
0.2553019840261392,0.23616652597061716,0.5247386172995451,0.09228096429318065,0.2640451785702967,0.21254740617033666,-20.307584864809307,0.0,0.24495884855903738,0.1,-1.0428619109091968,6.209583359637588,0.10841233744964729,0.6476135392761558,GLD,28,2026-08-12,unstable
